flow_id,source,target,target_name,enrolments,x,y,t
China to NSW,China,NSW,New South Wales,62154,0.0,0.05,0
China to NSW,China,NSW,New South Wales,62154,0.03571,0.04999,1
China to NSW,China,NSW,New South Wales,62154,0.07143,0.04997,2
China to NSW,China,NSW,New South Wales,62154,0.10714,0.04994,3
China to NSW,China,NSW,New South Wales,62154,0.14286,0.04989,4
China to NSW,China,NSW,New South Wales,62154,0.17857,0.04983,5
China to NSW,China,NSW,New South Wales,62154,0.21429,0.04977,6
China to NSW,China,NSW,New South Wales,62154,0.25,0.04969,7
China to NSW,China,NSW,New South Wales,62154,0.28571,0.04961,8
China to NSW,China,NSW,New South Wales,62154,0.32143,0.04952,9
China to NSW,China,NSW,New South Wales,62154,0.35714,0.04942,10
China to NSW,China,NSW,New South Wales,62154,0.39286,0.04932,11
China to NSW,China,NSW,New South Wales,62154,0.42857,0.04922,12
China to NSW,China,NSW,New South Wales,62154,0.46429,0.04912,13
China to NSW,China,NSW,New South Wales,62154,0.5,0.04901,14
China to NSW,China,NSW,New South Wales,62154,0.53571,0.04891,15
China to NSW,China,NSW,New South Wales,62154,0.57143,0.0488,16
China to NSW,China,NSW,New South Wales,62154,0.60714,0.0487,17
China to NSW,China,NSW,New South Wales,62154,0.64286,0.0486,18
China to NSW,China,NSW,New South Wales,62154,0.67857,0.0485,19
China to NSW,China,NSW,New South Wales,62154,0.71429,0.04841,20
China to NSW,China,NSW,New South Wales,62154,0.75,0.04833,21
China to NSW,China,NSW,New South Wales,62154,0.78571,0.04826,22
China to NSW,China,NSW,New South Wales,62154,0.82143,0.04819,23
China to NSW,China,NSW,New South Wales,62154,0.85714,0.04813,24
China to NSW,China,NSW,New South Wales,62154,0.89286,0.04809,25
China to NSW,China,NSW,New South Wales,62154,0.92857,0.04805,26
China to NSW,China,NSW,New South Wales,62154,0.96429,0.04803,27
China to NSW,China,NSW,New South Wales,62154,1.0,0.04802,28
China to VIC,China,VIC,Victoria,37466,0.0,0.13014,0
China to VIC,China,VIC,Victoria,37466,0.03571,0.13111,1
China to VIC,China,VIC,Victoria,37466,0.07143,0.13393,2
China to VIC,China,VIC,Victoria,37466,0.10714,0.13846,3
China to VIC,China,VIC,Victoria,37466,0.14286,0.14455,4
China to VIC,China,VIC,Victoria,37466,0.17857,0.15206,5
China to VIC,China,VIC,Victoria,37466,0.21429,0.16085,6
China to VIC,China,VIC,Victoria,37466,0.25,0.17078,7
China to VIC,China,VIC,Victoria,37466,0.28571,0.1817,8
China to VIC,China,VIC,Victoria,37466,0.32143,0.19348,9
China to VIC,China,VIC,Victoria,37466,0.35714,0.20596,10
China to VIC,China,VIC,Victoria,37466,0.39286,0.21902,11
China to VIC,China,VIC,Victoria,37466,0.42857,0.2325,12
China to VIC,China,VIC,Victoria,37466,0.46429,0.24627,13
China to VIC,China,VIC,Victoria,37466,0.5,0.26018,14
China to VIC,China,VIC,Victoria,37466,0.53571,0.27409,15
China to VIC,China,VIC,Victoria,37466,0.57143,0.28785,16
China to VIC,China,VIC,Victoria,37466,0.60714,0.30134,17
China to VIC,China,VIC,Victoria,37466,0.64286,0.31439,18
China to VIC,China,VIC,Victoria,37466,0.67857,0.32688,19
China to VIC,China,VIC,Victoria,37466,0.71429,0.33866,20
China to VIC,China,VIC,Victoria,37466,0.75,0.34958,21
China to VIC,China,VIC,Victoria,37466,0.78571,0.35951,22
China to VIC,China,VIC,Victoria,37466,0.82143,0.3683,23
China to VIC,China,VIC,Victoria,37466,0.85714,0.37581,24
China to VIC,China,VIC,Victoria,37466,0.89286,0.3819,25
China to VIC,China,VIC,Victoria,37466,0.92857,0.38643,26
China to VIC,China,VIC,Victoria,37466,0.96429,0.38925,27
China to VIC,China,VIC,Victoria,37466,1.0,0.39022,28
China to QLD,China,QLD,Queensland,13519,0.0,0.17115,0
China to QLD,China,QLD,Queensland,13519,0.03571,0.17295,1
China to QLD,China,QLD,Queensland,13519,0.07143,0.17815,2
China to QLD,China,QLD,Queensland,13519,0.10714,0.18649,3
China to QLD,China,QLD,Queensland,13519,0.14286,0.19772,4
China to QLD,China,QLD,Queensland,13519,0.17857,0.21157,5
China to QLD,China,QLD,Queensland,13519,0.21429,0.22778,6
China to QLD,China,QLD,Queensland,13519,0.25,0.24608,7
China to QLD,China,QLD,Queensland,13519,0.28571,0.26622,8
China to QLD,China,QLD,Queensland,13519,0.32143,0.28794,9
China to QLD,China,QLD,Queensland,13519,0.35714,0.31096,10
China to QLD,China,QLD,Queensland,13519,0.39286,0.33504,11
China to QLD,China,QLD,Queensland,13519,0.42857,0.3599,12
China to QLD,China,QLD,Queensland,13519,0.46429,0.38528,13
China to QLD,China,QLD,Queensland,13519,0.5,0.41093,14
China to QLD,China,QLD,Queensland,13519,0.53571,0.43657,15
China to QLD,China,QLD,Queensland,13519,0.57143,0.46196,16
China to QLD,China,QLD,Queensland,13519,0.60714,0.48682,17
China to QLD,China,QLD,Queensland,13519,0.64286,0.51089,18
China to QLD,China,QLD,Queensland,13519,0.67857,0.53391,19
China to QLD,China,QLD,Queensland,13519,0.71429,0.55563,20
China to QLD,China,QLD,Queensland,13519,0.75,0.57577,21
China to QLD,China,QLD,Queensland,13519,0.78571,0.59407,22
China to QLD,China,QLD,Queensland,13519,0.82143,0.61028,23
China to QLD,China,QLD,Queensland,13519,0.85714,0.62413,24
China to QLD,China,QLD,Queensland,13519,0.89286,0.63536,25
China to QLD,China,QLD,Queensland,13519,0.92857,0.64371,26
China to QLD,China,QLD,Queensland,13519,0.96429,0.64891,27
China to QLD,China,QLD,Queensland,13519,1.0,0.6507,28
China to WA,China,WA,Western Australia,4994,0.0,0.18605,0
China to WA,China,WA,Western Australia,4994,0.03571,0.18827,1
China to WA,China,WA,Western Australia,4994,0.07143,0.19471,2
China to WA,China,WA,Western Australia,4994,0.10714,0.20506,3
China to WA,China,WA,Western Australia,4994,0.14286,0.21897,4
China to WA,China,WA,Western Australia,4994,0.17857,0.23614,5
China to WA,China,WA,Western Australia,4994,0.21429,0.25623,6
China to WA,China,WA,Western Australia,4994,0.25,0.27893,7
China to WA,China,WA,Western Australia,4994,0.28571,0.30389,8
China to WA,China,WA,Western Australia,4994,0.32143,0.33081,9
China to WA,China,WA,Western Australia,4994,0.35714,0.35935,10
China to WA,China,WA,Western Australia,4994,0.39286,0.38919,11
China to WA,China,WA,Western Australia,4994,0.42857,0.42,12
China to WA,China,WA,Western Australia,4994,0.46429,0.45147,13
China to WA,China,WA,Western Australia,4994,0.5,0.48326,14
China to WA,China,WA,Western Australia,4994,0.53571,0.51505,15
China to WA,China,WA,Western Australia,4994,0.57143,0.54651,16
China to WA,China,WA,Western Australia,4994,0.60714,0.57733,17
China to WA,China,WA,Western Australia,4994,0.64286,0.60717,18
China to WA,China,WA,Western Australia,4994,0.67857,0.63571,19
China to WA,China,WA,Western Australia,4994,0.71429,0.66262,20
China to WA,China,WA,Western Australia,4994,0.75,0.68759,21
China to WA,China,WA,Western Australia,4994,0.78571,0.71028,22
China to WA,China,WA,Western Australia,4994,0.82143,0.73037,23
China to WA,China,WA,Western Australia,4994,0.85714,0.74754,24
China to WA,China,WA,Western Australia,4994,0.89286,0.76146,25
China to WA,China,WA,Western Australia,4994,0.92857,0.7718,26
China to WA,China,WA,Western Australia,4994,0.96429,0.77824,27
China to WA,China,WA,Western Australia,4994,1.0,0.78046,28
China to SA,China,SA,South Australia,6199,0.0,0.19505,0
China to SA,China,SA,South Australia,6199,0.03571,0.19758,1
China to SA,China,SA,South Australia,6199,0.07143,0.2049,2
China to SA,China,SA,South Australia,6199,0.10714,0.21666,3
China to SA,China,SA,South Australia,6199,0.14286,0.23249,4
China to SA,China,SA,South Australia,6199,0.17857,0.25201,5
China to SA,China,SA,South Australia,6199,0.21429,0.27485,6
China to SA,China,SA,South Australia,6199,0.25,0.30065,7
China to SA,China,SA,South Australia,6199,0.28571,0.32903,8
China to SA,China,SA,South Australia,6199,0.32143,0.35963,9
China to SA,China,SA,South Australia,6199,0.35714,0.39208,10
China to SA,China,SA,South Australia,6199,0.39286,0.42601,11
China to SA,China,SA,South Australia,6199,0.42857,0.46104,12
China to SA,China,SA,South Australia,6199,0.46429,0.49681,13
China to SA,China,SA,South Australia,6199,0.5,0.53296,14
China to SA,China,SA,South Australia,6199,0.53571,0.5691,15
China to SA,China,SA,South Australia,6199,0.57143,0.60487,16
China to SA,China,SA,South Australia,6199,0.60714,0.63991,17
China to SA,China,SA,South Australia,6199,0.64286,0.67383,18
China to SA,China,SA,South Australia,6199,0.67857,0.70628,19
China to SA,China,SA,South Australia,6199,0.71429,0.73688,20
China to SA,China,SA,South Australia,6199,0.75,0.76526,21
China to SA,China,SA,South Australia,6199,0.78571,0.79106,22
China to SA,China,SA,South Australia,6199,0.82143,0.81391,23
China to SA,China,SA,South Australia,6199,0.85714,0.83342,24
China to SA,China,SA,South Australia,6199,0.89286,0.84925,25
China to SA,China,SA,South Australia,6199,0.92857,0.86101,26
China to SA,China,SA,South Australia,6199,0.96429,0.86834,27
China to SA,China,SA,South Australia,6199,1.0,0.87086,28
China to ACT,China,ACT,Australian Capital Territory,4178,0.0,0.2034,0
China to ACT,China,ACT,Australian Capital Territory,4178,0.03571,0.20614,1
China to ACT,China,ACT,Australian Capital Territory,4178,0.07143,0.21409,2
China to ACT,China,ACT,Australian Capital Territory,4178,0.10714,0.22685,3
China to ACT,China,ACT,Australian Capital Territory,4178,0.14286,0.24403,4
China to ACT,China,ACT,Australian Capital Territory,4178,0.17857,0.26521,5
China to ACT,China,ACT,Australian Capital Territory,4178,0.21429,0.29,6
China to ACT,China,ACT,Australian Capital Territory,4178,0.25,0.318,7
China to ACT,China,ACT,Australian Capital Territory,4178,0.28571,0.3488,8
China to ACT,China,ACT,Australian Capital Territory,4178,0.32143,0.38201,9
China to ACT,China,ACT,Australian Capital Territory,4178,0.35714,0.41723,10
China to ACT,China,ACT,Australian Capital Territory,4178,0.39286,0.45405,11
China to ACT,China,ACT,Australian Capital Territory,4178,0.42857,0.49207,12
China to ACT,China,ACT,Australian Capital Territory,4178,0.46429,0.53089,13
China to ACT,China,ACT,Australian Capital Territory,4178,0.5,0.57011,14
China to ACT,China,ACT,Australian Capital Territory,4178,0.53571,0.60934,15
China to ACT,China,ACT,Australian Capital Territory,4178,0.57143,0.64816,16
China to ACT,China,ACT,Australian Capital Territory,4178,0.60714,0.68618,17
China to ACT,China,ACT,Australian Capital Territory,4178,0.64286,0.723,18
China to ACT,China,ACT,Australian Capital Territory,4178,0.67857,0.75822,19
China to ACT,China,ACT,Australian Capital Territory,4178,0.71429,0.79143,20
China to ACT,China,ACT,Australian Capital Territory,4178,0.75,0.82223,21
China to ACT,China,ACT,Australian Capital Territory,4178,0.78571,0.85023,22
China to ACT,China,ACT,Australian Capital Territory,4178,0.82143,0.87502,23
China to ACT,China,ACT,Australian Capital Territory,4178,0.85714,0.8962,24
China to ACT,China,ACT,Australian Capital Territory,4178,0.89286,0.91338,25
China to ACT,China,ACT,Australian Capital Territory,4178,0.92857,0.92614,26
China to ACT,China,ACT,Australian Capital Territory,4178,0.96429,0.93409,27
China to ACT,China,ACT,Australian Capital Territory,4178,1.0,0.93683,28
China to TAS,China,TAS,Tasmania,450,0.0,0.20712,0
China to TAS,China,TAS,Tasmania,450,0.03571,0.20997,1
China to TAS,China,TAS,Tasmania,450,0.07143,0.21823,2
China to TAS,China,TAS,Tasmania,450,0.10714,0.2315,3
China to TAS,China,TAS,Tasmania,450,0.14286,0.24934,4
China to TAS,China,TAS,Tasmania,450,0.17857,0.27136,5
China to TAS,China,TAS,Tasmania,450,0.21429,0.29712,6
China to TAS,China,TAS,Tasmania,450,0.25,0.32622,7
China to TAS,China,TAS,Tasmania,450,0.28571,0.35823,8
China to TAS,China,TAS,Tasmania,450,0.32143,0.39275,9
China to TAS,China,TAS,Tasmania,450,0.35714,0.42934,10
China to TAS,China,TAS,Tasmania,450,0.39286,0.46761,11
China to TAS,China,TAS,Tasmania,450,0.42857,0.50712,12
China to TAS,China,TAS,Tasmania,450,0.46429,0.54747,13
China to TAS,China,TAS,Tasmania,450,0.5,0.58823,14
China to TAS,China,TAS,Tasmania,450,0.53571,0.629,15
China to TAS,China,TAS,Tasmania,450,0.57143,0.66934,16
China to TAS,China,TAS,Tasmania,450,0.60714,0.70886,17
China to TAS,China,TAS,Tasmania,450,0.64286,0.74712,18
China to TAS,China,TAS,Tasmania,450,0.67857,0.78372,19
China to TAS,China,TAS,Tasmania,450,0.71429,0.81823,20
China to TAS,China,TAS,Tasmania,450,0.75,0.85024,21
China to TAS,China,TAS,Tasmania,450,0.78571,0.87934,22
China to TAS,China,TAS,Tasmania,450,0.82143,0.90511,23
China to TAS,China,TAS,Tasmania,450,0.85714,0.92712,24
China to TAS,China,TAS,Tasmania,450,0.89286,0.94497,25
China to TAS,China,TAS,Tasmania,450,0.92857,0.95823,26
China to TAS,China,TAS,Tasmania,450,0.96429,0.96649,27
China to TAS,China,TAS,Tasmania,450,1.0,0.96934,28
China to NT,China,NT,Northern Territory,204,0.0,0.20765,0
China to NT,China,NT,Northern Territory,204,0.03571,0.21059,1
China to NT,China,NT,Northern Territory,204,0.07143,0.21912,2
China to NT,China,NT,Northern Territory,204,0.10714,0.23281,3
China to NT,China,NT,Northern Territory,204,0.14286,0.25123,4
China to NT,China,NT,Northern Territory,204,0.17857,0.27396,5
China to NT,China,NT,Northern Territory,204,0.21429,0.30055,6
China to NT,China,NT,Northern Territory,204,0.25,0.33059,7
China to NT,China,NT,Northern Territory,204,0.28571,0.36364,8
China to NT,China,NT,Northern Territory,204,0.32143,0.39926,9
China to NT,China,NT,Northern Territory,204,0.35714,0.43704,10
China to NT,China,NT,Northern Territory,204,0.39286,0.47654,11
China to NT,China,NT,Northern Territory,204,0.42857,0.51733,12
China to NT,China,NT,Northern Territory,204,0.46429,0.55898,13
China to NT,China,NT,Northern Territory,204,0.5,0.60106,14
China to NT,China,NT,Northern Territory,204,0.53571,0.64314,15
China to NT,China,NT,Northern Territory,204,0.57143,0.68479,16
China to NT,China,NT,Northern Territory,204,0.60714,0.72558,17
China to NT,China,NT,Northern Territory,204,0.64286,0.76507,18
China to NT,China,NT,Northern Territory,204,0.67857,0.80285,19
China to NT,China,NT,Northern Territory,204,0.71429,0.83848,20
China to NT,China,NT,Northern Territory,204,0.75,0.87153,21
China to NT,China,NT,Northern Territory,204,0.78571,0.90156,22
China to NT,China,NT,Northern Territory,204,0.82143,0.92816,23
China to NT,China,NT,Northern Territory,204,0.85714,0.95088,24
China to NT,China,NT,Northern Territory,204,0.89286,0.96931,25
China to NT,China,NT,Northern Territory,204,0.92857,0.983,26
China to NT,China,NT,Northern Territory,204,0.96429,0.99153,27
China to NT,China,NT,Northern Territory,204,1.0,0.99447,28
India to NSW,India,NSW,New South Wales,24710,0.0,0.24569,0
India to NSW,India,NSW,New South Wales,24710,0.03571,0.2452,1
India to NSW,India,NSW,New South Wales,24710,0.07143,0.24379,2
India to NSW,India,NSW,New South Wales,24710,0.10714,0.24152,3
India to NSW,India,NSW,New South Wales,24710,0.14286,0.23846,4
India to NSW,India,NSW,New South Wales,24710,0.17857,0.23469,5
India to NSW,India,NSW,New South Wales,24710,0.21429,0.23028,6
India to NSW,India,NSW,New South Wales,24710,0.25,0.22529,7
India to NSW,India,NSW,New South Wales,24710,0.28571,0.21981,8
India to NSW,India,NSW,New South Wales,24710,0.32143,0.2139,9
India to NSW,India,NSW,New South Wales,24710,0.35714,0.20763,10
India to NSW,India,NSW,New South Wales,24710,0.39286,0.20107,11
India to NSW,India,NSW,New South Wales,24710,0.42857,0.19431,12
India to NSW,India,NSW,New South Wales,24710,0.46429,0.1874,13
India to NSW,India,NSW,New South Wales,24710,0.5,0.18041,14
India to NSW,India,NSW,New South Wales,24710,0.53571,0.17343,15
India to NSW,India,NSW,New South Wales,24710,0.57143,0.16652,16
India to NSW,India,NSW,New South Wales,24710,0.60714,0.15975,17
India to NSW,India,NSW,New South Wales,24710,0.64286,0.1532,18
India to NSW,India,NSW,New South Wales,24710,0.67857,0.14693,19
India to NSW,India,NSW,New South Wales,24710,0.71429,0.14102,20
India to NSW,India,NSW,New South Wales,24710,0.75,0.13553,21
India to NSW,India,NSW,New South Wales,24710,0.78571,0.13055,22
India to NSW,India,NSW,New South Wales,24710,0.82143,0.12614,23
India to NSW,India,NSW,New South Wales,24710,0.85714,0.12237,24
India to NSW,India,NSW,New South Wales,24710,0.89286,0.11931,25
India to NSW,India,NSW,New South Wales,24710,0.92857,0.11704,26
India to NSW,India,NSW,New South Wales,24710,0.96429,0.11562,27
India to NSW,India,NSW,New South Wales,24710,1.0,0.11514,28
India to VIC,India,VIC,Victoria,40846,0.0,0.29843,0
India to VIC,India,VIC,Victoria,40846,0.03571,0.299,1
India to VIC,India,VIC,Victoria,40846,0.07143,0.30065,2
India to VIC,India,VIC,Victoria,40846,0.10714,0.3033,3
India to VIC,India,VIC,Victoria,40846,0.14286,0.30686,4
India to VIC,India,VIC,Victoria,40846,0.17857,0.31126,5
India to VIC,India,VIC,Victoria,40846,0.21429,0.31641,6
India to VIC,India,VIC,Victoria,40846,0.25,0.32222,7
India to VIC,India,VIC,Victoria,40846,0.28571,0.32862,8
India to VIC,India,VIC,Victoria,40846,0.32143,0.33552,9
India to VIC,India,VIC,Victoria,40846,0.35714,0.34283,10
India to VIC,India,VIC,Victoria,40846,0.39286,0.35047,11
India to VIC,India,VIC,Victoria,40846,0.42857,0.35837,12
India to VIC,India,VIC,Victoria,40846,0.46429,0.36643,13
India to VIC,India,VIC,Victoria,40846,0.5,0.37458,14
India to VIC,India,VIC,Victoria,40846,0.53571,0.38272,15
India to VIC,India,VIC,Victoria,40846,0.57143,0.39078,16
India to VIC,India,VIC,Victoria,40846,0.60714,0.39868,17
India to VIC,India,VIC,Victoria,40846,0.64286,0.40632,18
India to VIC,India,VIC,Victoria,40846,0.67857,0.41363,19
India to VIC,India,VIC,Victoria,40846,0.71429,0.42053,20
India to VIC,India,VIC,Victoria,40846,0.75,0.42693,21
India to VIC,India,VIC,Victoria,40846,0.78571,0.43274,22
India to VIC,India,VIC,Victoria,40846,0.82143,0.43789,23
India to VIC,India,VIC,Victoria,40846,0.85714,0.44229,24
India to VIC,India,VIC,Victoria,40846,0.89286,0.44585,25
India to VIC,India,VIC,Victoria,40846,0.92857,0.4485,26
India to VIC,India,VIC,Victoria,40846,0.96429,0.45015,27
India to VIC,India,VIC,Victoria,40846,1.0,0.45072,28
India to QLD,India,QLD,Queensland,12228,0.0,0.34112,0
India to QLD,India,QLD,Queensland,12228,0.03571,0.34235,1
India to QLD,India,QLD,Queensland,12228,0.07143,0.34593,2
India to QLD,India,QLD,Queensland,12228,0.10714,0.35166,3
India to QLD,India,QLD,Queensland,12228,0.14286,0.35937,4
India to QLD,India,QLD,Queensland,12228,0.17857,0.36889,5
India to QLD,India,QLD,Queensland,12228,0.21429,0.38003,6
India to QLD,India,QLD,Queensland,12228,0.25,0.3926,7
India to QLD,India,QLD,Queensland,12228,0.28571,0.40644,8
India to QLD,India,QLD,Queensland,12228,0.32143,0.42136,9
India to QLD,India,QLD,Queensland,12228,0.35714,0.43718,10
India to QLD,India,QLD,Queensland,12228,0.39286,0.45372,11
India to QLD,India,QLD,Queensland,12228,0.42857,0.4708,12
India to QLD,India,QLD,Queensland,12228,0.46429,0.48824,13
India to QLD,India,QLD,Queensland,12228,0.5,0.50586,14
India to QLD,India,QLD,Queensland,12228,0.53571,0.52348,15
India to QLD,India,QLD,Queensland,12228,0.57143,0.54092,16
India to QLD,India,QLD,Queensland,12228,0.60714,0.558,17
India to QLD,India,QLD,Queensland,12228,0.64286,0.57454,18
India to QLD,India,QLD,Queensland,12228,0.67857,0.59035,19
India to QLD,India,QLD,Queensland,12228,0.71429,0.60527,20
India to QLD,India,QLD,Queensland,12228,0.75,0.61911,21
India to QLD,India,QLD,Queensland,12228,0.78571,0.63169,22
India to QLD,India,QLD,Queensland,12228,0.82143,0.64282,23
India to QLD,India,QLD,Queensland,12228,0.85714,0.65234,24
India to QLD,India,QLD,Queensland,12228,0.89286,0.66005,25
India to QLD,India,QLD,Queensland,12228,0.92857,0.66579,26
India to QLD,India,QLD,Queensland,12228,0.96429,0.66936,27
India to QLD,India,QLD,Queensland,12228,1.0,0.67059,28
India to WA,India,WA,Western Australia,7637,0.0,0.3571,0
India to WA,India,WA,Western Australia,7637,0.03571,0.35872,1
India to WA,India,WA,Western Australia,7637,0.07143,0.36342,2
India to WA,India,WA,Western Australia,7637,0.10714,0.37095,3
India to WA,India,WA,Western Australia,7637,0.14286,0.3811,4
India to WA,India,WA,Western Australia,7637,0.17857,0.39361,5
India to WA,India,WA,Western Australia,7637,0.21429,0.40824,6
India to WA,India,WA,Western Australia,7637,0.25,0.42478,7
India to WA,India,WA,Western Australia,7637,0.28571,0.44297,8
India to WA,India,WA,Western Australia,7637,0.32143,0.46258,9
India to WA,India,WA,Western Australia,7637,0.35714,0.48338,10
India to WA,India,WA,Western Australia,7637,0.39286,0.50512,11
India to WA,India,WA,Western Australia,7637,0.42857,0.52757,12
India to WA,India,WA,Western Australia,7637,0.46429,0.5505,13
India to WA,India,WA,Western Australia,7637,0.5,0.57366,14
India to WA,India,WA,Western Australia,7637,0.53571,0.59683,15
India to WA,India,WA,Western Australia,7637,0.57143,0.61975,16
India to WA,India,WA,Western Australia,7637,0.60714,0.64221,17
India to WA,India,WA,Western Australia,7637,0.64286,0.66395,18
India to WA,India,WA,Western Australia,7637,0.67857,0.68475,19
India to WA,India,WA,Western Australia,7637,0.71429,0.70436,20
India to WA,India,WA,Western Australia,7637,0.75,0.72255,21
India to WA,India,WA,Western Australia,7637,0.78571,0.73908,22
India to WA,India,WA,Western Australia,7637,0.82143,0.75372,23
India to WA,India,WA,Western Australia,7637,0.85714,0.76623,24
India to WA,India,WA,Western Australia,7637,0.89286,0.77637,25
India to WA,India,WA,Western Australia,7637,0.92857,0.78391,26
India to WA,India,WA,Western Australia,7637,0.96429,0.78861,27
India to WA,India,WA,Western Australia,7637,1.0,0.79022,28
India to SA,India,SA,South Australia,8182,0.0,0.36983,0
India to SA,India,SA,South Australia,8182,0.03571,0.37174,1
India to SA,India,SA,South Australia,8182,0.07143,0.3773,2
India to SA,India,SA,South Australia,8182,0.10714,0.38621,3
India to SA,India,SA,South Australia,8182,0.14286,0.3982,4
India to SA,India,SA,South Australia,8182,0.17857,0.41299,5
India to SA,India,SA,South Australia,8182,0.21429,0.4303,6
India to SA,India,SA,South Australia,8182,0.25,0.44985,7
India to SA,India,SA,South Australia,8182,0.28571,0.47136,8
India to SA,India,SA,South Australia,8182,0.32143,0.49455,9
India to SA,India,SA,South Australia,8182,0.35714,0.51914,10
India to SA,India,SA,South Australia,8182,0.39286,0.54485,11
India to SA,India,SA,South Australia,8182,0.42857,0.5714,12
India to SA,India,SA,South Australia,8182,0.46429,0.59851,13
India to SA,India,SA,South Australia,8182,0.5,0.6259,14
India to SA,India,SA,South Australia,8182,0.53571,0.65329,15
India to SA,India,SA,South Australia,8182,0.57143,0.6804,16
India to SA,India,SA,South Australia,8182,0.60714,0.70695,17
India to SA,India,SA,South Australia,8182,0.64286,0.73266,18
India to SA,India,SA,South Australia,8182,0.67857,0.75725,19
India to SA,India,SA,South Australia,8182,0.71429,0.78044,20
India to SA,India,SA,South Australia,8182,0.75,0.80195,21
India to SA,India,SA,South Australia,8182,0.78571,0.8215,22
India to SA,India,SA,South Australia,8182,0.82143,0.83881,23
India to SA,India,SA,South Australia,8182,0.85714,0.8536,24
India to SA,India,SA,South Australia,8182,0.89286,0.86559,25
India to SA,India,SA,South Australia,8182,0.92857,0.87451,26
India to SA,India,SA,South Australia,8182,0.96429,0.88006,27
India to SA,India,SA,South Australia,8182,1.0,0.88197,28
India to ACT,India,ACT,Australian Capital Territory,2013,0.0,0.37803,0
India to ACT,India,ACT,Australian Capital Territory,2013,0.03571,0.38014,1
India to ACT,India,ACT,Australian Capital Territory,2013,0.07143,0.38625,2
India to ACT,India,ACT,Australian Capital Territory,2013,0.10714,0.39605,3
India to ACT,India,ACT,Australian Capital Territory,2013,0.14286,0.40925,4
India to ACT,India,ACT,Australian Capital Territory,2013,0.17857,0.42553,5
India to ACT,India,ACT,Australian Capital Territory,2013,0.21429,0.44458,6
India to ACT,India,ACT,Australian Capital Territory,2013,0.25,0.46609,7
India to ACT,India,ACT,Australian Capital Territory,2013,0.28571,0.48976,8
India to ACT,India,ACT,Australian Capital Territory,2013,0.32143,0.51528,9
India to ACT,India,ACT,Australian Capital Territory,2013,0.35714,0.54234,10
India to ACT,India,ACT,Australian Capital Territory,2013,0.39286,0.57063,11
India to ACT,India,ACT,Australian Capital Territory,2013,0.42857,0.59985,12
India to ACT,India,ACT,Australian Capital Territory,2013,0.46429,0.62968,13
India to ACT,India,ACT,Australian Capital Territory,2013,0.5,0.65982,14
India to ACT,India,ACT,Australian Capital Territory,2013,0.53571,0.68996,15
India to ACT,India,ACT,Australian Capital Territory,2013,0.57143,0.7198,16
India to ACT,India,ACT,Australian Capital Territory,2013,0.60714,0.74901,17
India to ACT,India,ACT,Australian Capital Territory,2013,0.64286,0.7773,18
India to ACT,India,ACT,Australian Capital Territory,2013,0.67857,0.80436,19
India to ACT,India,ACT,Australian Capital Territory,2013,0.71429,0.82988,20
India to ACT,India,ACT,Australian Capital Territory,2013,0.75,0.85355,21
India to ACT,India,ACT,Australian Capital Territory,2013,0.78571,0.87507,22
India to ACT,India,ACT,Australian Capital Territory,2013,0.82143,0.89412,23
India to ACT,India,ACT,Australian Capital Territory,2013,0.85714,0.91039,24
India to ACT,India,ACT,Australian Capital Territory,2013,0.89286,0.92359,25
India to ACT,India,ACT,Australian Capital Territory,2013,0.92857,0.9334,26
India to ACT,India,ACT,Australian Capital Territory,2013,0.96429,0.93951,27
India to ACT,India,ACT,Australian Capital Territory,2013,1.0,0.94161,28
India to TAS,India,TAS,Tasmania,690,0.0,0.38021,0
India to TAS,India,TAS,Tasmania,690,0.03571,0.38241,1
India to TAS,India,TAS,Tasmania,690,0.07143,0.38881,2
India to TAS,India,TAS,Tasmania,690,0.10714,0.39907,3
India to TAS,India,TAS,Tasmania,690,0.14286,0.41289,4
India to TAS,India,TAS,Tasmania,690,0.17857,0.42993,5
India to TAS,India,TAS,Tasmania,690,0.21429,0.44987,6
India to TAS,India,TAS,Tasmania,690,0.25,0.4724,7
India to TAS,India,TAS,Tasmania,690,0.28571,0.49718,8
India to TAS,India,TAS,Tasmania,690,0.32143,0.52389,9
India to TAS,India,TAS,Tasmania,690,0.35714,0.55222,10
India to TAS,India,TAS,Tasmania,690,0.39286,0.58184,11
India to TAS,India,TAS,Tasmania,690,0.42857,0.61243,12
India to TAS,India,TAS,Tasmania,690,0.46429,0.64366,13
India to TAS,India,TAS,Tasmania,690,0.5,0.67521,14
India to TAS,India,TAS,Tasmania,690,0.53571,0.70677,15
India to TAS,India,TAS,Tasmania,690,0.57143,0.738,16
India to TAS,India,TAS,Tasmania,690,0.60714,0.76859,17
India to TAS,India,TAS,Tasmania,690,0.64286,0.79821,18
India to TAS,India,TAS,Tasmania,690,0.67857,0.82653,19
India to TAS,India,TAS,Tasmania,690,0.71429,0.85325,20
India to TAS,India,TAS,Tasmania,690,0.75,0.87803,21
India to TAS,India,TAS,Tasmania,690,0.78571,0.90056,22
India to TAS,India,TAS,Tasmania,690,0.82143,0.9205,23
India to TAS,India,TAS,Tasmania,690,0.85714,0.93754,24
India to TAS,India,TAS,Tasmania,690,0.89286,0.95135,25
India to TAS,India,TAS,Tasmania,690,0.92857,0.96162,26
India to TAS,India,TAS,Tasmania,690,0.96429,0.96802,27
India to TAS,India,TAS,Tasmania,690,1.0,0.97022,28
India to NT,India,NT,Northern Territory,750,0.0,0.38136,0
India to NT,India,NT,Northern Territory,750,0.03571,0.38366,1
India to NT,India,NT,Northern Territory,750,0.07143,0.39031,2
India to NT,India,NT,Northern Territory,750,0.10714,0.40099,3
India to NT,India,NT,Northern Territory,750,0.14286,0.41537,4
India to NT,India,NT,Northern Territory,750,0.17857,0.4331,5
India to NT,India,NT,Northern Territory,750,0.21429,0.45384,6
India to NT,India,NT,Northern Territory,750,0.25,0.47728,7
India to NT,India,NT,Northern Territory,750,0.28571,0.50306,8
India to NT,India,NT,Northern Territory,750,0.32143,0.53085,9
India to NT,India,NT,Northern Territory,750,0.35714,0.56033,10
India to NT,India,NT,Northern Territory,750,0.39286,0.59114,11
India to NT,India,NT,Northern Territory,750,0.42857,0.62296,12
India to NT,India,NT,Northern Territory,750,0.46429,0.65546,13
India to NT,India,NT,Northern Territory,750,0.5,0.68828,14
India to NT,India,NT,Northern Territory,750,0.53571,0.72111,15
India to NT,India,NT,Northern Territory,750,0.57143,0.75361,16
India to NT,India,NT,Northern Territory,750,0.60714,0.78543,17
India to NT,India,NT,Northern Territory,750,0.64286,0.81624,18
India to NT,India,NT,Northern Territory,750,0.67857,0.84572,19
India to NT,India,NT,Northern Territory,750,0.71429,0.87351,20
India to NT,India,NT,Northern Territory,750,0.75,0.89929,21
India to NT,India,NT,Northern Territory,750,0.78571,0.92273,22
India to NT,India,NT,Northern Territory,750,0.82143,0.94347,23
India to NT,India,NT,Northern Territory,750,0.85714,0.9612,24
India to NT,India,NT,Northern Territory,750,0.89286,0.97558,25
India to NT,India,NT,Northern Territory,750,0.92857,0.98626,26
India to NT,India,NT,Northern Territory,750,0.96429,0.99291,27
India to NT,India,NT,Northern Territory,750,1.0,0.99521,28
Nepal to NSW,Nepal,NSW,New South Wales,32898,0.0,0.42643,0
Nepal to NSW,Nepal,NSW,New South Wales,32898,0.03571,0.42544,1
Nepal to NSW,Nepal,NSW,New South Wales,32898,0.07143,0.42254,2
Nepal to NSW,Nepal,NSW,New South Wales,32898,0.10714,0.4179,3
Nepal to NSW,Nepal,NSW,New South Wales,32898,0.14286,0.41165,4
Nepal to NSW,Nepal,NSW,New South Wales,32898,0.17857,0.40395,5
Nepal to NSW,Nepal,NSW,New South Wales,32898,0.21429,0.39493,6
Nepal to NSW,Nepal,NSW,New South Wales,32898,0.25,0.38475,7
Nepal to NSW,Nepal,NSW,New South Wales,32898,0.28571,0.37354,8
Nepal to NSW,Nepal,NSW,New South Wales,32898,0.32143,0.36146,9
Nepal to NSW,Nepal,NSW,New South Wales,32898,0.35714,0.34865,10
Nepal to NSW,Nepal,NSW,New South Wales,32898,0.39286,0.33526,11
Nepal to NSW,Nepal,NSW,New South Wales,32898,0.42857,0.32143,12
Nepal to NSW,Nepal,NSW,New South Wales,32898,0.46429,0.30731,13
Nepal to NSW,Nepal,NSW,New South Wales,32898,0.5,0.29304,14
Nepal to NSW,Nepal,NSW,New South Wales,32898,0.53571,0.27877,15
Nepal to NSW,Nepal,NSW,New South Wales,32898,0.57143,0.26465,16
Nepal to NSW,Nepal,NSW,New South Wales,32898,0.60714,0.25082,17
Nepal to NSW,Nepal,NSW,New South Wales,32898,0.64286,0.23743,18
Nepal to NSW,Nepal,NSW,New South Wales,32898,0.67857,0.22462,19
Nepal to NSW,Nepal,NSW,New South Wales,32898,0.71429,0.21254,20
Nepal to NSW,Nepal,NSW,New South Wales,32898,0.75,0.20133,21
Nepal to NSW,Nepal,NSW,New South Wales,32898,0.78571,0.19115,22
Nepal to NSW,Nepal,NSW,New South Wales,32898,0.82143,0.18213,23
Nepal to NSW,Nepal,NSW,New South Wales,32898,0.85714,0.17442,24
Nepal to NSW,Nepal,NSW,New South Wales,32898,0.89286,0.16818,25
Nepal to NSW,Nepal,NSW,New South Wales,32898,0.92857,0.16353,26
Nepal to NSW,Nepal,NSW,New South Wales,32898,0.96429,0.16064,27
Nepal to NSW,Nepal,NSW,New South Wales,32898,1.0,0.15965,28
Nepal to VIC,Nepal,VIC,Victoria,8044,0.0,0.45937,0
Nepal to VIC,Nepal,VIC,Victoria,8044,0.03571,0.45948,1
Nepal to VIC,Nepal,VIC,Victoria,8044,0.07143,0.45979,2
Nepal to VIC,Nepal,VIC,Victoria,8044,0.10714,0.4603,3
Nepal to VIC,Nepal,VIC,Victoria,8044,0.14286,0.46098,4
Nepal to VIC,Nepal,VIC,Victoria,8044,0.17857,0.46182,5
Nepal to VIC,Nepal,VIC,Victoria,8044,0.21429,0.46281,6
Nepal to VIC,Nepal,VIC,Victoria,8044,0.25,0.46392,7
Nepal to VIC,Nepal,VIC,Victoria,8044,0.28571,0.46514,8
Nepal to VIC,Nepal,VIC,Victoria,8044,0.32143,0.46646,9
Nepal to VIC,Nepal,VIC,Victoria,8044,0.35714,0.46786,10
Nepal to VIC,Nepal,VIC,Victoria,8044,0.39286,0.46932,11
Nepal to VIC,Nepal,VIC,Victoria,8044,0.42857,0.47083,12
Nepal to VIC,Nepal,VIC,Victoria,8044,0.46429,0.47237,13
Nepal to VIC,Nepal,VIC,Victoria,8044,0.5,0.47393,14
Nepal to VIC,Nepal,VIC,Victoria,8044,0.53571,0.47549,15
Nepal to VIC,Nepal,VIC,Victoria,8044,0.57143,0.47703,16
Nepal to VIC,Nepal,VIC,Victoria,8044,0.60714,0.47854,17
Nepal to VIC,Nepal,VIC,Victoria,8044,0.64286,0.48,18
Nepal to VIC,Nepal,VIC,Victoria,8044,0.67857,0.4814,19
Nepal to VIC,Nepal,VIC,Victoria,8044,0.71429,0.48272,20
Nepal to VIC,Nepal,VIC,Victoria,8044,0.75,0.48395,21
Nepal to VIC,Nepal,VIC,Victoria,8044,0.78571,0.48506,22
Nepal to VIC,Nepal,VIC,Victoria,8044,0.82143,0.48604,23
Nepal to VIC,Nepal,VIC,Victoria,8044,0.85714,0.48688,24
Nepal to VIC,Nepal,VIC,Victoria,8044,0.89286,0.48757,25
Nepal to VIC,Nepal,VIC,Victoria,8044,0.92857,0.48807,26
Nepal to VIC,Nepal,VIC,Victoria,8044,0.96429,0.48839,27
Nepal to VIC,Nepal,VIC,Victoria,8044,1.0,0.4885,28
Nepal to QLD,Nepal,QLD,Queensland,3536,0.0,0.46868,0
Nepal to QLD,Nepal,QLD,Queensland,3536,0.03571,0.46948,1
Nepal to QLD,Nepal,QLD,Queensland,3536,0.07143,0.4718,2
Nepal to QLD,Nepal,QLD,Queensland,3536,0.10714,0.47553,3
Nepal to QLD,Nepal,QLD,Queensland,3536,0.14286,0.48054,4
Nepal to QLD,Nepal,QLD,Queensland,3536,0.17857,0.48673,5
Nepal to QLD,Nepal,QLD,Queensland,3536,0.21429,0.49396,6
Nepal to QLD,Nepal,QLD,Queensland,3536,0.25,0.50213,7
Nepal to QLD,Nepal,QLD,Queensland,3536,0.28571,0.51113,8
Nepal to QLD,Nepal,QLD,Queensland,3536,0.32143,0.52082,9
Nepal to QLD,Nepal,QLD,Queensland,3536,0.35714,0.5311,10
Nepal to QLD,Nepal,QLD,Queensland,3536,0.39286,0.54185,11
Nepal to QLD,Nepal,QLD,Queensland,3536,0.42857,0.55294,12
Nepal to QLD,Nepal,QLD,Queensland,3536,0.46429,0.56428,13
Nepal to QLD,Nepal,QLD,Queensland,3536,0.5,0.57573,14
Nepal to QLD,Nepal,QLD,Queensland,3536,0.53571,0.58718,15
Nepal to QLD,Nepal,QLD,Queensland,3536,0.57143,0.59851,16
Nepal to QLD,Nepal,QLD,Queensland,3536,0.60714,0.60961,17
Nepal to QLD,Nepal,QLD,Queensland,3536,0.64286,0.62035,18
Nepal to QLD,Nepal,QLD,Queensland,3536,0.67857,0.63063,19
Nepal to QLD,Nepal,QLD,Queensland,3536,0.71429,0.64033,20
Nepal to QLD,Nepal,QLD,Queensland,3536,0.75,0.64932,21
Nepal to QLD,Nepal,QLD,Queensland,3536,0.78571,0.65749,22
Nepal to QLD,Nepal,QLD,Queensland,3536,0.82143,0.66473,23
Nepal to QLD,Nepal,QLD,Queensland,3536,0.85714,0.67091,24
Nepal to QLD,Nepal,QLD,Queensland,3536,0.89286,0.67592,25
Nepal to QLD,Nepal,QLD,Queensland,3536,0.92857,0.67965,26
Nepal to QLD,Nepal,QLD,Queensland,3536,0.96429,0.68197,27
Nepal to QLD,Nepal,QLD,Queensland,3536,1.0,0.68277,28
Nepal to WA,Nepal,WA,Western Australia,2886,0.0,0.47385,0
Nepal to WA,Nepal,WA,Western Australia,2886,0.03571,0.47506,1
Nepal to WA,Nepal,WA,Western Australia,2886,0.07143,0.47858,2
Nepal to WA,Nepal,WA,Western Australia,2886,0.10714,0.48423,3
Nepal to WA,Nepal,WA,Western Australia,2886,0.14286,0.49183,4
Nepal to WA,Nepal,WA,Western Australia,2886,0.17857,0.5012,5
Nepal to WA,Nepal,WA,Western Australia,2886,0.21429,0.51217,6
Nepal to WA,Nepal,WA,Western Australia,2886,0.25,0.52455,7
Nepal to WA,Nepal,WA,Western Australia,2886,0.28571,0.53818,8
Nepal to WA,Nepal,WA,Western Australia,2886,0.32143,0.55288,9
Nepal to WA,Nepal,WA,Western Australia,2886,0.35714,0.56846,10
Nepal to WA,Nepal,WA,Western Australia,2886,0.39286,0.58475,11
Nepal to WA,Nepal,WA,Western Australia,2886,0.42857,0.60157,12
Nepal to WA,Nepal,WA,Western Australia,2886,0.46429,0.61875,13
Nepal to WA,Nepal,WA,Western Australia,2886,0.5,0.6361,14
Nepal to WA,Nepal,WA,Western Australia,2886,0.53571,0.65346,15
Nepal to WA,Nepal,WA,Western Australia,2886,0.57143,0.67063,16
Nepal to WA,Nepal,WA,Western Australia,2886,0.60714,0.68746,17
Nepal to WA,Nepal,WA,Western Australia,2886,0.64286,0.70375,18
Nepal to WA,Nepal,WA,Western Australia,2886,0.67857,0.71933,19
Nepal to WA,Nepal,WA,Western Australia,2886,0.71429,0.73402,20
Nepal to WA,Nepal,WA,Western Australia,2886,0.75,0.74765,21
Nepal to WA,Nepal,WA,Western Australia,2886,0.78571,0.76004,22
Nepal to WA,Nepal,WA,Western Australia,2886,0.82143,0.77101,23
Nepal to WA,Nepal,WA,Western Australia,2886,0.85714,0.78038,24
Nepal to WA,Nepal,WA,Western Australia,2886,0.89286,0.78798,25
Nepal to WA,Nepal,WA,Western Australia,2886,0.92857,0.79362,26
Nepal to WA,Nepal,WA,Western Australia,2886,0.96429,0.79714,27
Nepal to WA,Nepal,WA,Western Australia,2886,1.0,0.79835,28
Nepal to SA,Nepal,SA,South Australia,2496,0.0,0.47818,0
Nepal to SA,Nepal,SA,South Australia,2496,0.03571,0.47972,1
Nepal to SA,Nepal,SA,South Australia,2496,0.07143,0.48419,2
Nepal to SA,Nepal,SA,South Australia,2496,0.10714,0.49136,3
Nepal to SA,Nepal,SA,South Australia,2496,0.14286,0.501,4
Nepal to SA,Nepal,SA,South Australia,2496,0.17857,0.5129,5
Nepal to SA,Nepal,SA,South Australia,2496,0.21429,0.52683,6
Nepal to SA,Nepal,SA,South Australia,2496,0.25,0.54256,7
Nepal to SA,Nepal,SA,South Australia,2496,0.28571,0.55987,8
Nepal to SA,Nepal,SA,South Australia,2496,0.32143,0.57852,9
Nepal to SA,Nepal,SA,South Australia,2496,0.35714,0.59831,10
Nepal to SA,Nepal,SA,South Australia,2496,0.39286,0.61899,11
Nepal to SA,Nepal,SA,South Australia,2496,0.42857,0.64035,12
Nepal to SA,Nepal,SA,South Australia,2496,0.46429,0.66216,13
Nepal to SA,Nepal,SA,South Australia,2496,0.5,0.6842,14
Nepal to SA,Nepal,SA,South Australia,2496,0.53571,0.70624,15
Nepal to SA,Nepal,SA,South Australia,2496,0.57143,0.72805,16
Nepal to SA,Nepal,SA,South Australia,2496,0.60714,0.74941,17
Nepal to SA,Nepal,SA,South Australia,2496,0.64286,0.77009,18
Nepal to SA,Nepal,SA,South Australia,2496,0.67857,0.78988,19
Nepal to SA,Nepal,SA,South Australia,2496,0.71429,0.80853,20
Nepal to SA,Nepal,SA,South Australia,2496,0.75,0.82584,21
Nepal to SA,Nepal,SA,South Australia,2496,0.78571,0.84157,22
Nepal to SA,Nepal,SA,South Australia,2496,0.82143,0.8555,23
Nepal to SA,Nepal,SA,South Australia,2496,0.85714,0.8674,24
Nepal to SA,Nepal,SA,South Australia,2496,0.89286,0.87704,25
Nepal to SA,Nepal,SA,South Australia,2496,0.92857,0.88421,26
Nepal to SA,Nepal,SA,South Australia,2496,0.96429,0.88868,27
Nepal to SA,Nepal,SA,South Australia,2496,1.0,0.89022,28
Nepal to ACT,Nepal,ACT,Australian Capital Territory,1214,0.0,0.48116,0
Nepal to ACT,Nepal,ACT,Australian Capital Territory,1214,0.03571,0.48289,1
Nepal to ACT,Nepal,ACT,Australian Capital Territory,1214,0.07143,0.48791,2
Nepal to ACT,Nepal,ACT,Australian Capital Territory,1214,0.10714,0.49597,3
Nepal to ACT,Nepal,ACT,Australian Capital Territory,1214,0.14286,0.50681,4
Nepal to ACT,Nepal,ACT,Australian Capital Territory,1214,0.17857,0.52018,5
Nepal to ACT,Nepal,ACT,Australian Capital Territory,1214,0.21429,0.53583,6
Nepal to ACT,Nepal,ACT,Australian Capital Territory,1214,0.25,0.5535,7
Nepal to ACT,Nepal,ACT,Australian Capital Territory,1214,0.28571,0.57294,8
Nepal to ACT,Nepal,ACT,Australian Capital Territory,1214,0.32143,0.5939,9
Nepal to ACT,Nepal,ACT,Australian Capital Territory,1214,0.35714,0.61613,10
Nepal to ACT,Nepal,ACT,Australian Capital Territory,1214,0.39286,0.63937,11
Nepal to ACT,Nepal,ACT,Australian Capital Territory,1214,0.42857,0.66337,12
Nepal to ACT,Nepal,ACT,Australian Capital Territory,1214,0.46429,0.68788,13
Nepal to ACT,Nepal,ACT,Australian Capital Territory,1214,0.5,0.71264,14
Nepal to ACT,Nepal,ACT,Australian Capital Territory,1214,0.53571,0.73739,15
Nepal to ACT,Nepal,ACT,Australian Capital Territory,1214,0.57143,0.7619,16
Nepal to ACT,Nepal,ACT,Australian Capital Territory,1214,0.60714,0.7859,17
Nepal to ACT,Nepal,ACT,Australian Capital Territory,1214,0.64286,0.80914,18
Nepal to ACT,Nepal,ACT,Australian Capital Territory,1214,0.67857,0.83137,19
Nepal to ACT,Nepal,ACT,Australian Capital Territory,1214,0.71429,0.85233,20
Nepal to ACT,Nepal,ACT,Australian Capital Territory,1214,0.75,0.87177,21
Nepal to ACT,Nepal,ACT,Australian Capital Territory,1214,0.78571,0.88944,22
Nepal to ACT,Nepal,ACT,Australian Capital Territory,1214,0.82143,0.90509,23
Nepal to ACT,Nepal,ACT,Australian Capital Territory,1214,0.85714,0.91846,24
Nepal to ACT,Nepal,ACT,Australian Capital Territory,1214,0.89286,0.9293,25
Nepal to ACT,Nepal,ACT,Australian Capital Territory,1214,0.92857,0.93736,26
Nepal to ACT,Nepal,ACT,Australian Capital Territory,1214,0.96429,0.94238,27
Nepal to ACT,Nepal,ACT,Australian Capital Territory,1214,1.0,0.94411,28
Nepal to TAS,Nepal,TAS,Tasmania,877,0.0,0.48285,0
Nepal to TAS,Nepal,TAS,Tasmania,877,0.03571,0.48467,1
Nepal to TAS,Nepal,TAS,Tasmania,877,0.07143,0.48997,2
Nepal to TAS,Nepal,TAS,Tasmania,877,0.10714,0.49847,3
Nepal to TAS,Nepal,TAS,Tasmania,877,0.14286,0.50991,4
Nepal to TAS,Nepal,TAS,Tasmania,877,0.17857,0.52402,5
Nepal to TAS,Nepal,TAS,Tasmania,877,0.21429,0.54054,6
Nepal to TAS,Nepal,TAS,Tasmania,877,0.25,0.55919,7
Nepal to TAS,Nepal,TAS,Tasmania,877,0.28571,0.57971,8
Nepal to TAS,Nepal,TAS,Tasmania,877,0.32143,0.60183,9
Nepal to TAS,Nepal,TAS,Tasmania,877,0.35714,0.62529,10
Nepal to TAS,Nepal,TAS,Tasmania,877,0.39286,0.64982,11
Nepal to TAS,Nepal,TAS,Tasmania,877,0.42857,0.67515,12
Nepal to TAS,Nepal,TAS,Tasmania,877,0.46429,0.70101,13
Nepal to TAS,Nepal,TAS,Tasmania,877,0.5,0.72714,14
Nepal to TAS,Nepal,TAS,Tasmania,877,0.53571,0.75327,15
Nepal to TAS,Nepal,TAS,Tasmania,877,0.57143,0.77913,16
Nepal to TAS,Nepal,TAS,Tasmania,877,0.60714,0.80446,17
Nepal to TAS,Nepal,TAS,Tasmania,877,0.64286,0.82899,18
Nepal to TAS,Nepal,TAS,Tasmania,877,0.67857,0.85245,19
Nepal to TAS,Nepal,TAS,Tasmania,877,0.71429,0.87457,20
Nepal to TAS,Nepal,TAS,Tasmania,877,0.75,0.89509,21
Nepal to TAS,Nepal,TAS,Tasmania,877,0.78571,0.91374,22
Nepal to TAS,Nepal,TAS,Tasmania,877,0.82143,0.93026,23
Nepal to TAS,Nepal,TAS,Tasmania,877,0.85714,0.94437,24
Nepal to TAS,Nepal,TAS,Tasmania,877,0.89286,0.95581,25
Nepal to TAS,Nepal,TAS,Tasmania,877,0.92857,0.96431,26
Nepal to TAS,Nepal,TAS,Tasmania,877,0.96429,0.96961,27
Nepal to TAS,Nepal,TAS,Tasmania,877,1.0,0.97143,28
Nepal to NT,Nepal,NT,Northern Territory,1073,0.0,0.48441,0
Nepal to NT,Nepal,NT,Northern Territory,1073,0.03571,0.48633,1
Nepal to NT,Nepal,NT,Northern Territory,1073,0.07143,0.49188,2
Nepal to NT,Nepal,NT,Northern Territory,1073,0.10714,0.50079,3
Nepal to NT,Nepal,NT,Northern Territory,1073,0.14286,0.51279,4
Nepal to NT,Nepal,NT,Northern Territory,1073,0.17857,0.52758,5
Nepal to NT,Nepal,NT,Northern Territory,1073,0.21429,0.54489,6
Nepal to NT,Nepal,NT,Northern Territory,1073,0.25,0.56445,7
Nepal to NT,Nepal,NT,Northern Territory,1073,0.28571,0.58596,8
Nepal to NT,Nepal,NT,Northern Territory,1073,0.32143,0.60915,9
Nepal to NT,Nepal,NT,Northern Territory,1073,0.35714,0.63374,10
Nepal to NT,Nepal,NT,Northern Territory,1073,0.39286,0.65946,11
Nepal to NT,Nepal,NT,Northern Territory,1073,0.42857,0.68601,12
Nepal to NT,Nepal,NT,Northern Territory,1073,0.46429,0.71312,13
Nepal to NT,Nepal,NT,Northern Territory,1073,0.5,0.74051,14
Nepal to NT,Nepal,NT,Northern Territory,1073,0.53571,0.76791,15
Nepal to NT,Nepal,NT,Northern Territory,1073,0.57143,0.79502,16
Nepal to NT,Nepal,NT,Northern Territory,1073,0.60714,0.82157,17
Nepal to NT,Nepal,NT,Northern Territory,1073,0.64286,0.84728,18
Nepal to NT,Nepal,NT,Northern Territory,1073,0.67857,0.87188,19
Nepal to NT,Nepal,NT,Northern Territory,1073,0.71429,0.89507,20
Nepal to NT,Nepal,NT,Northern Territory,1073,0.75,0.91658,21
Nepal to NT,Nepal,NT,Northern Territory,1073,0.78571,0.93614,22
Nepal to NT,Nepal,NT,Northern Territory,1073,0.82143,0.95345,23
Nepal to NT,Nepal,NT,Northern Territory,1073,0.85714,0.96824,24
Nepal to NT,Nepal,NT,Northern Territory,1073,0.89286,0.98023,25
Nepal to NT,Nepal,NT,Northern Territory,1073,0.92857,0.98915,26
Nepal to NT,Nepal,NT,Northern Territory,1073,0.96429,0.9947,27
Nepal to NT,Nepal,NT,Northern Territory,1073,1.0,0.99661,28
Vietnam to NSW,Vietnam,NSW,New South Wales,8777,0.0,0.51034,0
Vietnam to NSW,Vietnam,NSW,New South Wales,8777,0.03571,0.50915,1
Vietnam to NSW,Vietnam,NSW,New South Wales,8777,0.07143,0.5057,2
Vietnam to NSW,Vietnam,NSW,New South Wales,8777,0.10714,0.50015,3
Vietnam to NSW,Vietnam,NSW,New South Wales,8777,0.14286,0.4927,4
Vietnam to NSW,Vietnam,NSW,New South Wales,8777,0.17857,0.4835,5
Vietnam to NSW,Vietnam,NSW,New South Wales,8777,0.21429,0.47273,6
Vietnam to NSW,Vietnam,NSW,New South Wales,8777,0.25,0.46057,7
Vietnam to NSW,Vietnam,NSW,New South Wales,8777,0.28571,0.4472,8
Vietnam to NSW,Vietnam,NSW,New South Wales,8777,0.32143,0.43278,9
Vietnam to NSW,Vietnam,NSW,New South Wales,8777,0.35714,0.41748,10
Vietnam to NSW,Vietnam,NSW,New South Wales,8777,0.39286,0.40149,11
Vietnam to NSW,Vietnam,NSW,New South Wales,8777,0.42857,0.38498,12
Vietnam to NSW,Vietnam,NSW,New South Wales,8777,0.46429,0.36812,13
Vietnam to NSW,Vietnam,NSW,New South Wales,8777,0.5,0.35109,14
Vietnam to NSW,Vietnam,NSW,New South Wales,8777,0.53571,0.33406,15
Vietnam to NSW,Vietnam,NSW,New South Wales,8777,0.57143,0.3172,16
Vietnam to NSW,Vietnam,NSW,New South Wales,8777,0.60714,0.30069,17
Vietnam to NSW,Vietnam,NSW,New South Wales,8777,0.64286,0.2847,18
Vietnam to NSW,Vietnam,NSW,New South Wales,8777,0.67857,0.26941,19
Vietnam to NSW,Vietnam,NSW,New South Wales,8777,0.71429,0.25499,20
Vietnam to NSW,Vietnam,NSW,New South Wales,8777,0.75,0.24161,21
Vietnam to NSW,Vietnam,NSW,New South Wales,8777,0.78571,0.22945,22
Vietnam to NSW,Vietnam,NSW,New South Wales,8777,0.82143,0.21869,23
Vietnam to NSW,Vietnam,NSW,New South Wales,8777,0.85714,0.20949,24
Vietnam to NSW,Vietnam,NSW,New South Wales,8777,0.89286,0.20203,25
Vietnam to NSW,Vietnam,NSW,New South Wales,8777,0.92857,0.19649,26
Vietnam to NSW,Vietnam,NSW,New South Wales,8777,0.96429,0.19303,27
Vietnam to NSW,Vietnam,NSW,New South Wales,8777,1.0,0.19184,28
Vietnam to VIC,Vietnam,VIC,Victoria,10048,0.0,0.52548,0
Vietnam to VIC,Vietnam,VIC,Victoria,10048,0.03571,0.5254,1
Vietnam to VIC,Vietnam,VIC,Victoria,10048,0.07143,0.52515,2
Vietnam to VIC,Vietnam,VIC,Victoria,10048,0.10714,0.52475,3
Vietnam to VIC,Vietnam,VIC,Victoria,10048,0.14286,0.52421,4
Vietnam to VIC,Vietnam,VIC,Victoria,10048,0.17857,0.52354,5
Vietnam to VIC,Vietnam,VIC,Victoria,10048,0.21429,0.52277,6
Vietnam to VIC,Vietnam,VIC,Victoria,10048,0.25,0.52189,7
Vietnam to VIC,Vietnam,VIC,Victoria,10048,0.28571,0.52092,8
Vietnam to VIC,Vietnam,VIC,Victoria,10048,0.32143,0.51988,9
Vietnam to VIC,Vietnam,VIC,Victoria,10048,0.35714,0.51877,10
Vietnam to VIC,Vietnam,VIC,Victoria,10048,0.39286,0.51762,11
Vietnam to VIC,Vietnam,VIC,Victoria,10048,0.42857,0.51643,12
Vietnam to VIC,Vietnam,VIC,Victoria,10048,0.46429,0.51521,13
Vietnam to VIC,Vietnam,VIC,Victoria,10048,0.5,0.51398,14
Vietnam to VIC,Vietnam,VIC,Victoria,10048,0.53571,0.51275,15
Vietnam to VIC,Vietnam,VIC,Victoria,10048,0.57143,0.51153,16
Vietnam to VIC,Vietnam,VIC,Victoria,10048,0.60714,0.51034,17
Vietnam to VIC,Vietnam,VIC,Victoria,10048,0.64286,0.50918,18
Vietnam to VIC,Vietnam,VIC,Victoria,10048,0.67857,0.50808,19
Vietnam to VIC,Vietnam,VIC,Victoria,10048,0.71429,0.50704,20
Vietnam to VIC,Vietnam,VIC,Victoria,10048,0.75,0.50607,21
Vietnam to VIC,Vietnam,VIC,Victoria,10048,0.78571,0.50519,22
Vietnam to VIC,Vietnam,VIC,Victoria,10048,0.82143,0.50441,23
Vietnam to VIC,Vietnam,VIC,Victoria,10048,0.85714,0.50375,24
Vietnam to VIC,Vietnam,VIC,Victoria,10048,0.89286,0.50321,25
Vietnam to VIC,Vietnam,VIC,Victoria,10048,0.92857,0.50281,26
Vietnam to VIC,Vietnam,VIC,Victoria,10048,0.96429,0.50256,27
Vietnam to VIC,Vietnam,VIC,Victoria,10048,1.0,0.50248,28
Vietnam to QLD,Vietnam,QLD,Queensland,1978,0.0,0.53516,0
Vietnam to QLD,Vietnam,QLD,Queensland,1978,0.03571,0.53572,1
Vietnam to QLD,Vietnam,QLD,Queensland,1978,0.07143,0.53737,2
Vietnam to QLD,Vietnam,QLD,Queensland,1978,0.10714,0.54001,3
Vietnam to QLD,Vietnam,QLD,Queensland,1978,0.14286,0.54357,4
Vietnam to QLD,Vietnam,QLD,Queensland,1978,0.17857,0.54796,5
Vietnam to QLD,Vietnam,QLD,Queensland,1978,0.21429,0.55309,6
Vietnam to QLD,Vietnam,QLD,Queensland,1978,0.25,0.55889,7
Vietnam to QLD,Vietnam,QLD,Queensland,1978,0.28571,0.56527,8
Vietnam to QLD,Vietnam,QLD,Queensland,1978,0.32143,0.57214,9
Vietnam to QLD,Vietnam,QLD,Queensland,1978,0.35714,0.57943,10
Vietnam to QLD,Vietnam,QLD,Queensland,1978,0.39286,0.58706,11
Vietnam to QLD,Vietnam,QLD,Queensland,1978,0.42857,0.59493,12
Vietnam to QLD,Vietnam,QLD,Queensland,1978,0.46429,0.60297,13
Vietnam to QLD,Vietnam,QLD,Queensland,1978,0.5,0.61109,14
Vietnam to QLD,Vietnam,QLD,Queensland,1978,0.53571,0.61922,15
Vietnam to QLD,Vietnam,QLD,Queensland,1978,0.57143,0.62725,16
Vietnam to QLD,Vietnam,QLD,Queensland,1978,0.60714,0.63513,17
Vietnam to QLD,Vietnam,QLD,Queensland,1978,0.64286,0.64275,18
Vietnam to QLD,Vietnam,QLD,Queensland,1978,0.67857,0.65004,19
Vietnam to QLD,Vietnam,QLD,Queensland,1978,0.71429,0.65692,20
Vietnam to QLD,Vietnam,QLD,Queensland,1978,0.75,0.6633,21
Vietnam to QLD,Vietnam,QLD,Queensland,1978,0.78571,0.6691,22
Vietnam to QLD,Vietnam,QLD,Queensland,1978,0.82143,0.67423,23
Vietnam to QLD,Vietnam,QLD,Queensland,1978,0.85714,0.67862,24
Vietnam to QLD,Vietnam,QLD,Queensland,1978,0.89286,0.68217,25
Vietnam to QLD,Vietnam,QLD,Queensland,1978,0.92857,0.68482,26
Vietnam to QLD,Vietnam,QLD,Queensland,1978,0.96429,0.68646,27
Vietnam to QLD,Vietnam,QLD,Queensland,1978,1.0,0.68703,28
Vietnam to WA,Vietnam,WA,Western Australia,1540,0.0,0.53799,0
Vietnam to WA,Vietnam,WA,Western Australia,1540,0.03571,0.53897,1
Vietnam to WA,Vietnam,WA,Western Australia,1540,0.07143,0.54183,2
Vietnam to WA,Vietnam,WA,Western Australia,1540,0.10714,0.54642,3
Vietnam to WA,Vietnam,WA,Western Australia,1540,0.14286,0.5526,4
Vietnam to WA,Vietnam,WA,Western Australia,1540,0.17857,0.56022,5
Vietnam to WA,Vietnam,WA,Western Australia,1540,0.21429,0.56913,6
Vietnam to WA,Vietnam,WA,Western Australia,1540,0.25,0.5792,7
Vietnam to WA,Vietnam,WA,Western Australia,1540,0.28571,0.59028,8
Vietnam to WA,Vietnam,WA,Western Australia,1540,0.32143,0.60223,9
Vietnam to WA,Vietnam,WA,Western Australia,1540,0.35714,0.61489,10
Vietnam to WA,Vietnam,WA,Western Australia,1540,0.39286,0.62813,11
Vietnam to WA,Vietnam,WA,Western Australia,1540,0.42857,0.64181,12
Vietnam to WA,Vietnam,WA,Western Australia,1540,0.46429,0.65577,13
Vietnam to WA,Vietnam,WA,Western Australia,1540,0.5,0.66988,14
Vietnam to WA,Vietnam,WA,Western Australia,1540,0.53571,0.68399,15
Vietnam to WA,Vietnam,WA,Western Australia,1540,0.57143,0.69795,16
Vietnam to WA,Vietnam,WA,Western Australia,1540,0.60714,0.71163,17
Vietnam to WA,Vietnam,WA,Western Australia,1540,0.64286,0.72487,18
Vietnam to WA,Vietnam,WA,Western Australia,1540,0.67857,0.73753,19
Vietnam to WA,Vietnam,WA,Western Australia,1540,0.71429,0.74948,20
Vietnam to WA,Vietnam,WA,Western Australia,1540,0.75,0.76056,21
Vietnam to WA,Vietnam,WA,Western Australia,1540,0.78571,0.77063,22
Vietnam to WA,Vietnam,WA,Western Australia,1540,0.82143,0.77954,23
Vietnam to WA,Vietnam,WA,Western Australia,1540,0.85714,0.78716,24
Vietnam to WA,Vietnam,WA,Western Australia,1540,0.89286,0.79334,25
Vietnam to WA,Vietnam,WA,Western Australia,1540,0.92857,0.79793,26
Vietnam to WA,Vietnam,WA,Western Australia,1540,0.96429,0.80079,27
Vietnam to WA,Vietnam,WA,Western Australia,1540,1.0,0.80177,28
Vietnam to SA,Vietnam,SA,South Australia,2190,0.0,0.54099,0
Vietnam to SA,Vietnam,SA,South Australia,2190,0.03571,0.54231,1
Vietnam to SA,Vietnam,SA,South Australia,2190,0.07143,0.54613,2
Vietnam to SA,Vietnam,SA,South Australia,2190,0.10714,0.55227,3
Vietnam to SA,Vietnam,SA,South Australia,2190,0.14286,0.56053,4
Vietnam to SA,Vietnam,SA,South Australia,2190,0.17857,0.57072,5
Vietnam to SA,Vietnam,SA,South Australia,2190,0.21429,0.58265,6
Vietnam to SA,Vietnam,SA,South Australia,2190,0.25,0.59612,7
Vietnam to SA,Vietnam,SA,South Australia,2190,0.28571,0.61094,8
Vietnam to SA,Vietnam,SA,South Australia,2190,0.32143,0.62692,9
Vietnam to SA,Vietnam,SA,South Australia,2190,0.35714,0.64386,10
Vietnam to SA,Vietnam,SA,South Australia,2190,0.39286,0.66157,11
Vietnam to SA,Vietnam,SA,South Australia,2190,0.42857,0.67987,12
Vietnam to SA,Vietnam,SA,South Australia,2190,0.46429,0.69854,13
Vietnam to SA,Vietnam,SA,South Australia,2190,0.5,0.71741,14
Vietnam to SA,Vietnam,SA,South Australia,2190,0.53571,0.73629,15
Vietnam to SA,Vietnam,SA,South Australia,2190,0.57143,0.75496,16
Vietnam to SA,Vietnam,SA,South Australia,2190,0.60714,0.77326,17
Vietnam to SA,Vietnam,SA,South Australia,2190,0.64286,0.79097,18
Vietnam to SA,Vietnam,SA,South Australia,2190,0.67857,0.80791,19
Vietnam to SA,Vietnam,SA,South Australia,2190,0.71429,0.82389,20
Vietnam to SA,Vietnam,SA,South Australia,2190,0.75,0.83871,21
Vietnam to SA,Vietnam,SA,South Australia,2190,0.78571,0.85218,22
Vietnam to SA,Vietnam,SA,South Australia,2190,0.82143,0.8641,23
Vietnam to SA,Vietnam,SA,South Australia,2190,0.85714,0.8743,24
Vietnam to SA,Vietnam,SA,South Australia,2190,0.89286,0.88256,25
Vietnam to SA,Vietnam,SA,South Australia,2190,0.92857,0.8887,26
Vietnam to SA,Vietnam,SA,South Australia,2190,0.96429,0.89252,27
Vietnam to SA,Vietnam,SA,South Australia,2190,1.0,0.89384,28
Vietnam to ACT,Vietnam,ACT,Australian Capital Territory,327,0.0,0.54301,0
Vietnam to ACT,Vietnam,ACT,Australian Capital Territory,327,0.03571,0.54452,1
Vietnam to ACT,Vietnam,ACT,Australian Capital Territory,327,0.07143,0.54888,2
Vietnam to ACT,Vietnam,ACT,Australian Capital Territory,327,0.10714,0.55588,3
Vietnam to ACT,Vietnam,ACT,Australian Capital Territory,327,0.14286,0.5653,4
Vietnam to ACT,Vietnam,ACT,Australian Capital Territory,327,0.17857,0.57691,5
Vietnam to ACT,Vietnam,ACT,Australian Capital Territory,327,0.21429,0.59051,6
Vietnam to ACT,Vietnam,ACT,Australian Capital Territory,327,0.25,0.60587,7
Vietnam to ACT,Vietnam,ACT,Australian Capital Territory,327,0.28571,0.62277,8
Vietnam to ACT,Vietnam,ACT,Australian Capital Territory,327,0.32143,0.64098,9
Vietnam to ACT,Vietnam,ACT,Australian Capital Territory,327,0.35714,0.6603,10
Vietnam to ACT,Vietnam,ACT,Australian Capital Territory,327,0.39286,0.68049,11
Vietnam to ACT,Vietnam,ACT,Australian Capital Territory,327,0.42857,0.70135,12
Vietnam to ACT,Vietnam,ACT,Australian Capital Territory,327,0.46429,0.72264,13
Vietnam to ACT,Vietnam,ACT,Australian Capital Territory,327,0.5,0.74415,14
Vietnam to ACT,Vietnam,ACT,Australian Capital Territory,327,0.53571,0.76567,15
Vietnam to ACT,Vietnam,ACT,Australian Capital Territory,327,0.57143,0.78696,16
Vietnam to ACT,Vietnam,ACT,Australian Capital Territory,327,0.60714,0.80782,17
Vietnam to ACT,Vietnam,ACT,Australian Capital Territory,327,0.64286,0.82801,18
Vietnam to ACT,Vietnam,ACT,Australian Capital Territory,327,0.67857,0.84733,19
Vietnam to ACT,Vietnam,ACT,Australian Capital Territory,327,0.71429,0.86554,20
Vietnam to ACT,Vietnam,ACT,Australian Capital Territory,327,0.75,0.88244,21
Vietnam to ACT,Vietnam,ACT,Australian Capital Territory,327,0.78571,0.8978,22
Vietnam to ACT,Vietnam,ACT,Australian Capital Territory,327,0.82143,0.91139,23
Vietnam to ACT,Vietnam,ACT,Australian Capital Territory,327,0.85714,0.92301,24
Vietnam to ACT,Vietnam,ACT,Australian Capital Territory,327,0.89286,0.93243,25
Vietnam to ACT,Vietnam,ACT,Australian Capital Territory,327,0.92857,0.93943,26
Vietnam to ACT,Vietnam,ACT,Australian Capital Territory,327,0.96429,0.94379,27
Vietnam to ACT,Vietnam,ACT,Australian Capital Territory,327,1.0,0.9453,28
Vietnam to TAS,Vietnam,TAS,Tasmania,175,0.0,0.54342,0
Vietnam to TAS,Vietnam,TAS,Tasmania,175,0.03571,0.54502,1
Vietnam to TAS,Vietnam,TAS,Tasmania,175,0.07143,0.54967,2
Vietnam to TAS,Vietnam,TAS,Tasmania,175,0.10714,0.55713,3
Vietnam to TAS,Vietnam,TAS,Tasmania,175,0.14286,0.56717,4
Vietnam to TAS,Vietnam,TAS,Tasmania,175,0.17857,0.57956,5
Vietnam to TAS,Vietnam,TAS,Tasmania,175,0.21429,0.59405,6
Vietnam to TAS,Vietnam,TAS,Tasmania,175,0.25,0.61042,7
Vietnam to TAS,Vietnam,TAS,Tasmania,175,0.28571,0.62843,8
Vietnam to TAS,Vietnam,TAS,Tasmania,175,0.32143,0.64785,9
Vietnam to TAS,Vietnam,TAS,Tasmania,175,0.35714,0.66844,10
Vietnam to TAS,Vietnam,TAS,Tasmania,175,0.39286,0.68997,11
Vietnam to TAS,Vietnam,TAS,Tasmania,175,0.42857,0.7122,12
Vietnam to TAS,Vietnam,TAS,Tasmania,175,0.46429,0.7349,13
Vietnam to TAS,Vietnam,TAS,Tasmania,175,0.5,0.75783,14
Vietnam to TAS,Vietnam,TAS,Tasmania,175,0.53571,0.78076,15
Vietnam to TAS,Vietnam,TAS,Tasmania,175,0.57143,0.80346,16
Vietnam to TAS,Vietnam,TAS,Tasmania,175,0.60714,0.82569,17
Vietnam to TAS,Vietnam,TAS,Tasmania,175,0.64286,0.84722,18
Vietnam to TAS,Vietnam,TAS,Tasmania,175,0.67857,0.86781,19
Vietnam to TAS,Vietnam,TAS,Tasmania,175,0.71429,0.88723,20
Vietnam to TAS,Vietnam,TAS,Tasmania,175,0.75,0.90524,21
Vietnam to TAS,Vietnam,TAS,Tasmania,175,0.78571,0.92161,22
Vietnam to TAS,Vietnam,TAS,Tasmania,175,0.82143,0.93611,23
Vietnam to TAS,Vietnam,TAS,Tasmania,175,0.85714,0.94849,24
Vietnam to TAS,Vietnam,TAS,Tasmania,175,0.89286,0.95853,25
Vietnam to TAS,Vietnam,TAS,Tasmania,175,0.92857,0.96599,26
Vietnam to TAS,Vietnam,TAS,Tasmania,175,0.96429,0.97064,27
Vietnam to TAS,Vietnam,TAS,Tasmania,175,1.0,0.97225,28
Vietnam to NT,Vietnam,NT,Northern Territory,199,0.0,0.54372,0
Vietnam to NT,Vietnam,NT,Northern Territory,199,0.03571,0.54541,1
Vietnam to NT,Vietnam,NT,Northern Territory,199,0.07143,0.55033,2
Vietnam to NT,Vietnam,NT,Northern Territory,199,0.10714,0.55823,3
Vietnam to NT,Vietnam,NT,Northern Territory,199,0.14286,0.56886,4
Vietnam to NT,Vietnam,NT,Northern Territory,199,0.17857,0.58197,5
Vietnam to NT,Vietnam,NT,Northern Territory,199,0.21429,0.59731,6
Vietnam to NT,Vietnam,NT,Northern Territory,199,0.25,0.61464,7
Vietnam to NT,Vietnam,NT,Northern Territory,199,0.28571,0.6337,8
Vietnam to NT,Vietnam,NT,Northern Territory,199,0.32143,0.65425,9
Vietnam to NT,Vietnam,NT,Northern Territory,199,0.35714,0.67604,10
Vietnam to NT,Vietnam,NT,Northern Territory,199,0.39286,0.69883,11
Vietnam to NT,Vietnam,NT,Northern Territory,199,0.42857,0.72236,12
Vietnam to NT,Vietnam,NT,Northern Territory,199,0.46429,0.74638,13
Vietnam to NT,Vietnam,NT,Northern Territory,199,0.5,0.77066,14
Vietnam to NT,Vietnam,NT,Northern Territory,199,0.53571,0.79493,15
Vietnam to NT,Vietnam,NT,Northern Territory,199,0.57143,0.81896,16
Vietnam to NT,Vietnam,NT,Northern Territory,199,0.60714,0.84249,17
Vietnam to NT,Vietnam,NT,Northern Territory,199,0.64286,0.86527,18
Vietnam to NT,Vietnam,NT,Northern Territory,199,0.67857,0.88706,19
Vietnam to NT,Vietnam,NT,Northern Territory,199,0.71429,0.90761,20
Vietnam to NT,Vietnam,NT,Northern Territory,199,0.75,0.92668,21
Vietnam to NT,Vietnam,NT,Northern Territory,199,0.78571,0.944,22
Vietnam to NT,Vietnam,NT,Northern Territory,199,0.82143,0.95935,23
Vietnam to NT,Vietnam,NT,Northern Territory,199,0.85714,0.97245,24
Vietnam to NT,Vietnam,NT,Northern Territory,199,0.89286,0.98308,25
Vietnam to NT,Vietnam,NT,Northern Territory,199,0.92857,0.99098,26
Vietnam to NT,Vietnam,NT,Northern Territory,199,0.96429,0.9959,27
Vietnam to NT,Vietnam,NT,Northern Territory,199,1.0,0.9976,28
Bangladesh to NSW,Bangladesh,NSW,New South Wales,10633,0.0,0.57043,0
Bangladesh to NSW,Bangladesh,NSW,New South Wales,10633,0.03571,0.56907,1
Bangladesh to NSW,Bangladesh,NSW,New South Wales,10633,0.07143,0.56513,2
Bangladesh to NSW,Bangladesh,NSW,New South Wales,10633,0.10714,0.5588,3
Bangladesh to NSW,Bangladesh,NSW,New South Wales,10633,0.14286,0.55029,4
Bangladesh to NSW,Bangladesh,NSW,New South Wales,10633,0.17857,0.53979,5
Bangladesh to NSW,Bangladesh,NSW,New South Wales,10633,0.21429,0.5275,6
Bangladesh to NSW,Bangladesh,NSW,New South Wales,10633,0.25,0.51362,7
Bangladesh to NSW,Bangladesh,NSW,New South Wales,10633,0.28571,0.49835,8
Bangladesh to NSW,Bangladesh,NSW,New South Wales,10633,0.32143,0.48189,9
Bangladesh to NSW,Bangladesh,NSW,New South Wales,10633,0.35714,0.46443,10
Bangladesh to NSW,Bangladesh,NSW,New South Wales,10633,0.39286,0.44618,11
Bangladesh to NSW,Bangladesh,NSW,New South Wales,10633,0.42857,0.42733,12
Bangladesh to NSW,Bangladesh,NSW,New South Wales,10633,0.46429,0.40808,13
Bangladesh to NSW,Bangladesh,NSW,New South Wales,10633,0.5,0.38864,14
Bangladesh to NSW,Bangladesh,NSW,New South Wales,10633,0.53571,0.36919,15
Bangladesh to NSW,Bangladesh,NSW,New South Wales,10633,0.57143,0.34995,16
Bangladesh to NSW,Bangladesh,NSW,New South Wales,10633,0.60714,0.3311,17
Bangladesh to NSW,Bangladesh,NSW,New South Wales,10633,0.64286,0.31284,18
Bangladesh to NSW,Bangladesh,NSW,New South Wales,10633,0.67857,0.29539,19
Bangladesh to NSW,Bangladesh,NSW,New South Wales,10633,0.71429,0.27892,20
Bangladesh to NSW,Bangladesh,NSW,New South Wales,10633,0.75,0.26365,21
Bangladesh to NSW,Bangladesh,NSW,New South Wales,10633,0.78571,0.24977,22
Bangladesh to NSW,Bangladesh,NSW,New South Wales,10633,0.82143,0.23748,23
Bangladesh to NSW,Bangladesh,NSW,New South Wales,10633,0.85714,0.22698,24
Bangladesh to NSW,Bangladesh,NSW,New South Wales,10633,0.89286,0.21847,25
Bangladesh to NSW,Bangladesh,NSW,New South Wales,10633,0.92857,0.21214,26
Bangladesh to NSW,Bangladesh,NSW,New South Wales,10633,0.96429,0.2082,27
Bangladesh to NSW,Bangladesh,NSW,New South Wales,10633,1.0,0.20684,28
Bangladesh to VIC,Bangladesh,VIC,Victoria,5268,0.0,0.58322,0
Bangladesh to VIC,Bangladesh,VIC,Victoria,5268,0.03571,0.58297,1
Bangladesh to VIC,Bangladesh,VIC,Victoria,5268,0.07143,0.58222,2
Bangladesh to VIC,Bangladesh,VIC,Victoria,5268,0.10714,0.58102,3
Bangladesh to VIC,Bangladesh,VIC,Victoria,5268,0.14286,0.57941,4
Bangladesh to VIC,Bangladesh,VIC,Victoria,5268,0.17857,0.57741,5
Bangladesh to VIC,Bangladesh,VIC,Victoria,5268,0.21429,0.57509,6
Bangladesh to VIC,Bangladesh,VIC,Victoria,5268,0.25,0.57245,7
Bangladesh to VIC,Bangladesh,VIC,Victoria,5268,0.28571,0.56956,8
Bangladesh to VIC,Bangladesh,VIC,Victoria,5268,0.32143,0.56644,9
Bangladesh to VIC,Bangladesh,VIC,Victoria,5268,0.35714,0.56313,10
Bangladesh to VIC,Bangladesh,VIC,Victoria,5268,0.39286,0.55967,11
Bangladesh to VIC,Bangladesh,VIC,Victoria,5268,0.42857,0.5561,12
Bangladesh to VIC,Bangladesh,VIC,Victoria,5268,0.46429,0.55245,13
Bangladesh to VIC,Bangladesh,VIC,Victoria,5268,0.5,0.54877,14
Bangladesh to VIC,Bangladesh,VIC,Victoria,5268,0.53571,0.54508,15
Bangladesh to VIC,Bangladesh,VIC,Victoria,5268,0.57143,0.54143,16
Bangladesh to VIC,Bangladesh,VIC,Victoria,5268,0.60714,0.53786,17
Bangladesh to VIC,Bangladesh,VIC,Victoria,5268,0.64286,0.5344,18
Bangladesh to VIC,Bangladesh,VIC,Victoria,5268,0.67857,0.53109,19
Bangladesh to VIC,Bangladesh,VIC,Victoria,5268,0.71429,0.52797,20
Bangladesh to VIC,Bangladesh,VIC,Victoria,5268,0.75,0.52508,21
Bangladesh to VIC,Bangladesh,VIC,Victoria,5268,0.78571,0.52245,22
Bangladesh to VIC,Bangladesh,VIC,Victoria,5268,0.82143,0.52012,23
Bangladesh to VIC,Bangladesh,VIC,Victoria,5268,0.85714,0.51813,24
Bangladesh to VIC,Bangladesh,VIC,Victoria,5268,0.89286,0.51651,25
Bangladesh to VIC,Bangladesh,VIC,Victoria,5268,0.92857,0.51531,26
Bangladesh to VIC,Bangladesh,VIC,Victoria,5268,0.96429,0.51457,27
Bangladesh to VIC,Bangladesh,VIC,Victoria,5268,1.0,0.51431,28
Bangladesh to QLD,Bangladesh,QLD,Queensland,1263,0.0,0.58848,0
Bangladesh to QLD,Bangladesh,QLD,Queensland,1263,0.03571,0.58885,1
Bangladesh to QLD,Bangladesh,QLD,Queensland,1263,0.07143,0.58995,2
Bangladesh to QLD,Bangladesh,QLD,Queensland,1263,0.10714,0.59171,3
Bangladesh to QLD,Bangladesh,QLD,Queensland,1263,0.14286,0.59407,4
Bangladesh to QLD,Bangladesh,QLD,Queensland,1263,0.17857,0.59699,5
Bangladesh to QLD,Bangladesh,QLD,Queensland,1263,0.21429,0.60041,6
Bangladesh to QLD,Bangladesh,QLD,Queensland,1263,0.25,0.60427,7
Bangladesh to QLD,Bangladesh,QLD,Queensland,1263,0.28571,0.60851,8
Bangladesh to QLD,Bangladesh,QLD,Queensland,1263,0.32143,0.61309,9
Bangladesh to QLD,Bangladesh,QLD,Queensland,1263,0.35714,0.61794,10
Bangladesh to QLD,Bangladesh,QLD,Queensland,1263,0.39286,0.62301,11
Bangladesh to QLD,Bangladesh,QLD,Queensland,1263,0.42857,0.62825,12
Bangladesh to QLD,Bangladesh,QLD,Queensland,1263,0.46429,0.6336,13
Bangladesh to QLD,Bangladesh,QLD,Queensland,1263,0.5,0.63901,14
Bangladesh to QLD,Bangladesh,QLD,Queensland,1263,0.53571,0.64441,15
Bangladesh to QLD,Bangladesh,QLD,Queensland,1263,0.57143,0.64976,16
Bangladesh to QLD,Bangladesh,QLD,Queensland,1263,0.60714,0.655,17
Bangladesh to QLD,Bangladesh,QLD,Queensland,1263,0.64286,0.66007,18
Bangladesh to QLD,Bangladesh,QLD,Queensland,1263,0.67857,0.66492,19
Bangladesh to QLD,Bangladesh,QLD,Queensland,1263,0.71429,0.6695,20
Bangladesh to QLD,Bangladesh,QLD,Queensland,1263,0.75,0.67374,21
Bangladesh to QLD,Bangladesh,QLD,Queensland,1263,0.78571,0.6776,22
Bangladesh to QLD,Bangladesh,QLD,Queensland,1263,0.82143,0.68102,23
Bangladesh to QLD,Bangladesh,QLD,Queensland,1263,0.85714,0.68394,24
Bangladesh to QLD,Bangladesh,QLD,Queensland,1263,0.89286,0.6863,25
Bangladesh to QLD,Bangladesh,QLD,Queensland,1263,0.92857,0.68806,26
Bangladesh to QLD,Bangladesh,QLD,Queensland,1263,0.96429,0.68916,27
Bangladesh to QLD,Bangladesh,QLD,Queensland,1263,1.0,0.68953,28
Bangladesh to WA,Bangladesh,WA,Western Australia,2621,0.0,0.5916,0
Bangladesh to WA,Bangladesh,WA,Western Australia,2621,0.03571,0.5924,1
Bangladesh to WA,Bangladesh,WA,Western Australia,2621,0.07143,0.59471,2
Bangladesh to WA,Bangladesh,WA,Western Australia,2621,0.10714,0.59842,3
Bangladesh to WA,Bangladesh,WA,Western Australia,2621,0.14286,0.60342,4
Bangladesh to WA,Bangladesh,WA,Western Australia,2621,0.17857,0.60958,5
Bangladesh to WA,Bangladesh,WA,Western Australia,2621,0.21429,0.6168,6
Bangladesh to WA,Bangladesh,WA,Western Australia,2621,0.25,0.62494,7
Bangladesh to WA,Bangladesh,WA,Western Australia,2621,0.28571,0.63391,8
Bangladesh to WA,Bangladesh,WA,Western Australia,2621,0.32143,0.64357,9
Bangladesh to WA,Bangladesh,WA,Western Australia,2621,0.35714,0.65381,10
Bangladesh to WA,Bangladesh,WA,Western Australia,2621,0.39286,0.66453,11
Bangladesh to WA,Bangladesh,WA,Western Australia,2621,0.42857,0.67559,12
Bangladesh to WA,Bangladesh,WA,Western Australia,2621,0.46429,0.68688,13
Bangladesh to WA,Bangladesh,WA,Western Australia,2621,0.5,0.69829,14
Bangladesh to WA,Bangladesh,WA,Western Australia,2621,0.53571,0.70971,15
Bangladesh to WA,Bangladesh,WA,Western Australia,2621,0.57143,0.721,16
Bangladesh to WA,Bangladesh,WA,Western Australia,2621,0.60714,0.73206,17
Bangladesh to WA,Bangladesh,WA,Western Australia,2621,0.64286,0.74278,18
Bangladesh to WA,Bangladesh,WA,Western Australia,2621,0.67857,0.75302,19
Bangladesh to WA,Bangladesh,WA,Western Australia,2621,0.71429,0.76268,20
Bangladesh to WA,Bangladesh,WA,Western Australia,2621,0.75,0.77165,21
Bangladesh to WA,Bangladesh,WA,Western Australia,2621,0.78571,0.77979,22
Bangladesh to WA,Bangladesh,WA,Western Australia,2621,0.82143,0.78701,23
Bangladesh to WA,Bangladesh,WA,Western Australia,2621,0.85714,0.79317,24
Bangladesh to WA,Bangladesh,WA,Western Australia,2621,0.89286,0.79816,25
Bangladesh to WA,Bangladesh,WA,Western Australia,2621,0.92857,0.80188,26
Bangladesh to WA,Bangladesh,WA,Western Australia,2621,0.96429,0.80419,27
Bangladesh to WA,Bangladesh,WA,Western Australia,2621,1.0,0.80499,28
Bangladesh to SA,Bangladesh,SA,South Australia,1463,0.0,0.59489,0
Bangladesh to SA,Bangladesh,SA,South Australia,1463,0.03571,0.59601,1
Bangladesh to SA,Bangladesh,SA,South Australia,1463,0.07143,0.59929,2
Bangladesh to SA,Bangladesh,SA,South Australia,1463,0.10714,0.60454,3
Bangladesh to SA,Bangladesh,SA,South Australia,1463,0.14286,0.6116,4
Bangladesh to SA,Bangladesh,SA,South Australia,1463,0.17857,0.62032,5
Bangladesh to SA,Bangladesh,SA,South Australia,1463,0.21429,0.63052,6
Bangladesh to SA,Bangladesh,SA,South Australia,1463,0.25,0.64204,7
Bangladesh to SA,Bangladesh,SA,South Australia,1463,0.28571,0.65471,8
Bangladesh to SA,Bangladesh,SA,South Australia,1463,0.32143,0.66838,9
Bangladesh to SA,Bangladesh,SA,South Australia,1463,0.35714,0.68287,10
Bangladesh to SA,Bangladesh,SA,South Australia,1463,0.39286,0.69802,11
Bangladesh to SA,Bangladesh,SA,South Australia,1463,0.42857,0.71366,12
Bangladesh to SA,Bangladesh,SA,South Australia,1463,0.46429,0.72964,13
Bangladesh to SA,Bangladesh,SA,South Australia,1463,0.5,0.74578,14
Bangladesh to SA,Bangladesh,SA,South Australia,1463,0.53571,0.76191,15
Bangladesh to SA,Bangladesh,SA,South Australia,1463,0.57143,0.77789,16
Bangladesh to SA,Bangladesh,SA,South Australia,1463,0.60714,0.79353,17
Bangladesh to SA,Bangladesh,SA,South Australia,1463,0.64286,0.80868,18
Bangladesh to SA,Bangladesh,SA,South Australia,1463,0.67857,0.82317,19
Bangladesh to SA,Bangladesh,SA,South Australia,1463,0.71429,0.83684,20
Bangladesh to SA,Bangladesh,SA,South Australia,1463,0.75,0.84951,21
Bangladesh to SA,Bangladesh,SA,South Australia,1463,0.78571,0.86103,22
Bangladesh to SA,Bangladesh,SA,South Australia,1463,0.82143,0.87123,23
Bangladesh to SA,Bangladesh,SA,South Australia,1463,0.85714,0.87995,24
Bangladesh to SA,Bangladesh,SA,South Australia,1463,0.89286,0.88701,25
Bangladesh to SA,Bangladesh,SA,South Australia,1463,0.92857,0.89226,26
Bangladesh to SA,Bangladesh,SA,South Australia,1463,0.96429,0.89554,27
Bangladesh to SA,Bangladesh,SA,South Australia,1463,1.0,0.89666,28
Bangladesh to ACT,Bangladesh,ACT,Australian Capital Territory,252,0.0,0.59627,0
Bangladesh to ACT,Bangladesh,ACT,Australian Capital Territory,252,0.03571,0.59757,1
Bangladesh to ACT,Bangladesh,ACT,Australian Capital Territory,252,0.07143,0.60136,2
Bangladesh to ACT,Bangladesh,ACT,Australian Capital Territory,252,0.10714,0.60744,3
Bangladesh to ACT,Bangladesh,ACT,Australian Capital Territory,252,0.14286,0.61562,4
Bangladesh to ACT,Bangladesh,ACT,Australian Capital Territory,252,0.17857,0.62572,5
Bangladesh to ACT,Bangladesh,ACT,Australian Capital Territory,252,0.21429,0.63753,6
Bangladesh to ACT,Bangladesh,ACT,Australian Capital Territory,252,0.25,0.65087,7
Bangladesh to ACT,Bangladesh,ACT,Australian Capital Territory,252,0.28571,0.66555,8
Bangladesh to ACT,Bangladesh,ACT,Australian Capital Territory,252,0.32143,0.68137,9
Bangladesh to ACT,Bangladesh,ACT,Australian Capital Territory,252,0.35714,0.69815,10
Bangladesh to ACT,Bangladesh,ACT,Australian Capital Territory,252,0.39286,0.7157,11
Bangladesh to ACT,Bangladesh,ACT,Australian Capital Territory,252,0.42857,0.73382,12
Bangladesh to ACT,Bangladesh,ACT,Australian Capital Territory,252,0.46429,0.75231,13
Bangladesh to ACT,Bangladesh,ACT,Australian Capital Territory,252,0.5,0.77101,14
Bangladesh to ACT,Bangladesh,ACT,Australian Capital Territory,252,0.53571,0.7897,15
Bangladesh to ACT,Bangladesh,ACT,Australian Capital Territory,252,0.57143,0.80819,16
Bangladesh to ACT,Bangladesh,ACT,Australian Capital Territory,252,0.60714,0.82631,17
Bangladesh to ACT,Bangladesh,ACT,Australian Capital Territory,252,0.64286,0.84386,18
Bangladesh to ACT,Bangladesh,ACT,Australian Capital Territory,252,0.67857,0.86064,19
Bangladesh to ACT,Bangladesh,ACT,Australian Capital Territory,252,0.71429,0.87646,20
Bangladesh to ACT,Bangladesh,ACT,Australian Capital Territory,252,0.75,0.89114,21
Bangladesh to ACT,Bangladesh,ACT,Australian Capital Territory,252,0.78571,0.90448,22
Bangladesh to ACT,Bangladesh,ACT,Australian Capital Territory,252,0.82143,0.91629,23
Bangladesh to ACT,Bangladesh,ACT,Australian Capital Territory,252,0.85714,0.92639,24
Bangladesh to ACT,Bangladesh,ACT,Australian Capital Territory,252,0.89286,0.93457,25
Bangladesh to ACT,Bangladesh,ACT,Australian Capital Territory,252,0.92857,0.94065,26
Bangladesh to ACT,Bangladesh,ACT,Australian Capital Territory,252,0.96429,0.94444,27
Bangladesh to ACT,Bangladesh,ACT,Australian Capital Territory,252,1.0,0.94574,28
Bangladesh to TAS,Bangladesh,TAS,Tasmania,424,0.0,0.59681,0
Bangladesh to TAS,Bangladesh,TAS,Tasmania,424,0.03571,0.59821,1
Bangladesh to TAS,Bangladesh,TAS,Tasmania,424,0.07143,0.60229,2
Bangladesh to TAS,Bangladesh,TAS,Tasmania,424,0.10714,0.60883,3
Bangladesh to TAS,Bangladesh,TAS,Tasmania,424,0.14286,0.61763,4
Bangladesh to TAS,Bangladesh,TAS,Tasmania,424,0.17857,0.62849,5
Bangladesh to TAS,Bangladesh,TAS,Tasmania,424,0.21429,0.64119,6
Bangladesh to TAS,Bangladesh,TAS,Tasmania,424,0.25,0.65554,7
Bangladesh to TAS,Bangladesh,TAS,Tasmania,424,0.28571,0.67133,8
Bangladesh to TAS,Bangladesh,TAS,Tasmania,424,0.32143,0.68835,9
Bangladesh to TAS,Bangladesh,TAS,Tasmania,424,0.35714,0.7064,10
Bangladesh to TAS,Bangladesh,TAS,Tasmania,424,0.39286,0.72527,11
Bangladesh to TAS,Bangladesh,TAS,Tasmania,424,0.42857,0.74476,12
Bangladesh to TAS,Bangladesh,TAS,Tasmania,424,0.46429,0.76466,13
Bangladesh to TAS,Bangladesh,TAS,Tasmania,424,0.5,0.78476,14
Bangladesh to TAS,Bangladesh,TAS,Tasmania,424,0.53571,0.80486,15
Bangladesh to TAS,Bangladesh,TAS,Tasmania,424,0.57143,0.82476,16
Bangladesh to TAS,Bangladesh,TAS,Tasmania,424,0.60714,0.84425,17
Bangladesh to TAS,Bangladesh,TAS,Tasmania,424,0.64286,0.86312,18
Bangladesh to TAS,Bangladesh,TAS,Tasmania,424,0.67857,0.88117,19
Bangladesh to TAS,Bangladesh,TAS,Tasmania,424,0.71429,0.89819,20
Bangladesh to TAS,Bangladesh,TAS,Tasmania,424,0.75,0.91397,21
Bangladesh to TAS,Bangladesh,TAS,Tasmania,424,0.78571,0.92832,22
Bangladesh to TAS,Bangladesh,TAS,Tasmania,424,0.82143,0.94103,23
Bangladesh to TAS,Bangladesh,TAS,Tasmania,424,0.85714,0.95189,24
Bangladesh to TAS,Bangladesh,TAS,Tasmania,424,0.89286,0.96069,25
Bangladesh to TAS,Bangladesh,TAS,Tasmania,424,0.92857,0.96723,26
Bangladesh to TAS,Bangladesh,TAS,Tasmania,424,0.96429,0.9713,27
Bangladesh to TAS,Bangladesh,TAS,Tasmania,424,1.0,0.97271,28
Bangladesh to NT,Bangladesh,NT,Northern Territory,471,0.0,0.59753,0
Bangladesh to NT,Bangladesh,NT,Northern Territory,471,0.03571,0.59903,1
Bangladesh to NT,Bangladesh,NT,Northern Territory,471,0.07143,0.60337,2
Bangladesh to NT,Bangladesh,NT,Northern Territory,471,0.10714,0.61034,3
Bangladesh to NT,Bangladesh,NT,Northern Territory,471,0.14286,0.61972,4
Bangladesh to NT,Bangladesh,NT,Northern Territory,471,0.17857,0.63129,5
Bangladesh to NT,Bangladesh,NT,Northern Territory,471,0.21429,0.64483,6
Bangladesh to NT,Bangladesh,NT,Northern Territory,471,0.25,0.66012,7
Bangladesh to NT,Bangladesh,NT,Northern Territory,471,0.28571,0.67695,8
Bangladesh to NT,Bangladesh,NT,Northern Territory,471,0.32143,0.69508,9
Bangladesh to NT,Bangladesh,NT,Northern Territory,471,0.35714,0.71432,10
Bangladesh to NT,Bangladesh,NT,Northern Territory,471,0.39286,0.73443,11
Bangladesh to NT,Bangladesh,NT,Northern Territory,471,0.42857,0.75519,12
Bangladesh to NT,Bangladesh,NT,Northern Territory,471,0.46429,0.7764,13
Bangladesh to NT,Bangladesh,NT,Northern Territory,471,0.5,0.79782,14
Bangladesh to NT,Bangladesh,NT,Northern Territory,471,0.53571,0.81925,15
Bangladesh to NT,Bangladesh,NT,Northern Territory,471,0.57143,0.84045,16
Bangladesh to NT,Bangladesh,NT,Northern Territory,471,0.60714,0.86122,17
Bangladesh to NT,Bangladesh,NT,Northern Territory,471,0.64286,0.88133,18
Bangladesh to NT,Bangladesh,NT,Northern Territory,471,0.67857,0.90056,19
Bangladesh to NT,Bangladesh,NT,Northern Territory,471,0.71429,0.9187,20
Bangladesh to NT,Bangladesh,NT,Northern Territory,471,0.75,0.93552,21
Bangladesh to NT,Bangladesh,NT,Northern Territory,471,0.78571,0.95081,22
Bangladesh to NT,Bangladesh,NT,Northern Territory,471,0.82143,0.96435,23
Bangladesh to NT,Bangladesh,NT,Northern Territory,471,0.85714,0.97592,24
Bangladesh to NT,Bangladesh,NT,Northern Territory,471,0.89286,0.9853,25
Bangladesh to NT,Bangladesh,NT,Northern Territory,471,0.92857,0.99227,26
Bangladesh to NT,Bangladesh,NT,Northern Territory,471,0.96429,0.99662,27
Bangladesh to NT,Bangladesh,NT,Northern Territory,471,1.0,0.99811,28
Other countries to NSW,Other countries,NSW,New South Wales,82972,0.0,0.68266,0
Other countries to NSW,Other countries,NSW,New South Wales,82972,0.03571,0.68115,1
Other countries to NSW,Other countries,NSW,New South Wales,82972,0.07143,0.67677,2
Other countries to NSW,Other countries,NSW,New South Wales,82972,0.10714,0.66975,3
Other countries to NSW,Other countries,NSW,New South Wales,82972,0.14286,0.6603,4
Other countries to NSW,Other countries,NSW,New South Wales,82972,0.17857,0.64865,5
Other countries to NSW,Other countries,NSW,New South Wales,82972,0.21429,0.63501,6
Other countries to NSW,Other countries,NSW,New South Wales,82972,0.25,0.61961,7
Other countries to NSW,Other countries,NSW,New South Wales,82972,0.28571,0.60266,8
Other countries to NSW,Other countries,NSW,New South Wales,82972,0.32143,0.58439,9
Other countries to NSW,Other countries,NSW,New South Wales,82972,0.35714,0.56502,10
Other countries to NSW,Other countries,NSW,New South Wales,82972,0.39286,0.54476,11
Other countries to NSW,Other countries,NSW,New South Wales,82972,0.42857,0.52385,12
Other countries to NSW,Other countries,NSW,New South Wales,82972,0.46429,0.50249,13
Other countries to NSW,Other countries,NSW,New South Wales,82972,0.5,0.48091,14
Other countries to NSW,Other countries,NSW,New South Wales,82972,0.53571,0.45933,15
Other countries to NSW,Other countries,NSW,New South Wales,82972,0.57143,0.43797,16
Other countries to NSW,Other countries,NSW,New South Wales,82972,0.60714,0.41706,17
Other countries to NSW,Other countries,NSW,New South Wales,82972,0.64286,0.3968,18
Other countries to NSW,Other countries,NSW,New South Wales,82972,0.67857,0.37743,19
Other countries to NSW,Other countries,NSW,New South Wales,82972,0.71429,0.35916,20
Other countries to NSW,Other countries,NSW,New South Wales,82972,0.75,0.34221,21
Other countries to NSW,Other countries,NSW,New South Wales,82972,0.78571,0.32681,22
Other countries to NSW,Other countries,NSW,New South Wales,82972,0.82143,0.31317,23
Other countries to NSW,Other countries,NSW,New South Wales,82972,0.85714,0.30151,24
Other countries to NSW,Other countries,NSW,New South Wales,82972,0.89286,0.29207,25
Other countries to NSW,Other countries,NSW,New South Wales,82972,0.92857,0.28505,26
Other countries to NSW,Other countries,NSW,New South Wales,82972,0.96429,0.28067,27
Other countries to NSW,Other countries,NSW,New South Wales,82972,1.0,0.27916,28
Other countries to VIC,Other countries,VIC,Victoria,67220,0.0,0.80348,0
Other countries to VIC,Other countries,VIC,Victoria,67220,0.03571,0.80261,1
Other countries to VIC,Other countries,VIC,Victoria,67220,0.07143,0.80008,2
Other countries to VIC,Other countries,VIC,Victoria,67220,0.10714,0.79602,3
Other countries to VIC,Other countries,VIC,Victoria,67220,0.14286,0.79056,4
Other countries to VIC,Other countries,VIC,Victoria,67220,0.17857,0.78383,5
Other countries to VIC,Other countries,VIC,Victoria,67220,0.21429,0.77595,6
Other countries to VIC,Other countries,VIC,Victoria,67220,0.25,0.76705,7
Other countries to VIC,Other countries,VIC,Victoria,67220,0.28571,0.75725,8
Other countries to VIC,Other countries,VIC,Victoria,67220,0.32143,0.7467,9
Other countries to VIC,Other countries,VIC,Victoria,67220,0.35714,0.7355,10
Other countries to VIC,Other countries,VIC,Victoria,67220,0.39286,0.7238,11
Other countries to VIC,Other countries,VIC,Victoria,67220,0.42857,0.71171,12
Other countries to VIC,Other countries,VIC,Victoria,67220,0.46429,0.69937,13
Other countries to VIC,Other countries,VIC,Victoria,67220,0.5,0.6869,14
Other countries to VIC,Other countries,VIC,Victoria,67220,0.53571,0.67443,15
Other countries to VIC,Other countries,VIC,Victoria,67220,0.57143,0.66209,16
Other countries to VIC,Other countries,VIC,Victoria,67220,0.60714,0.65,17
Other countries to VIC,Other countries,VIC,Victoria,67220,0.64286,0.63829,18
Other countries to VIC,Other countries,VIC,Victoria,67220,0.67857,0.6271,19
Other countries to VIC,Other countries,VIC,Victoria,67220,0.71429,0.61654,20
Other countries to VIC,Other countries,VIC,Victoria,67220,0.75,0.60675,21
Other countries to VIC,Other countries,VIC,Victoria,67220,0.78571,0.59785,22
Other countries to VIC,Other countries,VIC,Victoria,67220,0.82143,0.58997,23
Other countries to VIC,Other countries,VIC,Victoria,67220,0.85714,0.58323,24
Other countries to VIC,Other countries,VIC,Victoria,67220,0.89286,0.57777,25
Other countries to VIC,Other countries,VIC,Victoria,67220,0.92857,0.57371,26
Other countries to VIC,Other countries,VIC,Victoria,67220,0.96429,0.57119,27
Other countries to VIC,Other countries,VIC,Victoria,67220,1.0,0.57032,28
Other countries to QLD,Other countries,QLD,Queensland,44068,0.0,0.893,0
Other countries to QLD,Other countries,QLD,Queensland,44068,0.03571,0.89238,1
Other countries to QLD,Other countries,QLD,Queensland,44068,0.07143,0.89055,2
Other countries to QLD,Other countries,QLD,Queensland,44068,0.10714,0.88762,3
Other countries to QLD,Other countries,QLD,Queensland,44068,0.14286,0.88367,4
Other countries to QLD,Other countries,QLD,Queensland,44068,0.17857,0.87881,5
Other countries to QLD,Other countries,QLD,Queensland,44068,0.21429,0.87311,6
Other countries to QLD,Other countries,QLD,Queensland,44068,0.25,0.86668,7
Other countries to QLD,Other countries,QLD,Queensland,44068,0.28571,0.85961,8
Other countries to QLD,Other countries,QLD,Queensland,44068,0.32143,0.85198,9
Other countries to QLD,Other countries,QLD,Queensland,44068,0.35714,0.84389,10
Other countries to QLD,Other countries,QLD,Queensland,44068,0.39286,0.83544,11
Other countries to QLD,Other countries,QLD,Queensland,44068,0.42857,0.82671,12
Other countries to QLD,Other countries,QLD,Queensland,44068,0.46429,0.81779,13
Other countries to QLD,Other countries,QLD,Queensland,44068,0.5,0.80878,14
Other countries to QLD,Other countries,QLD,Queensland,44068,0.53571,0.79977,15
Other countries to QLD,Other countries,QLD,Queensland,44068,0.57143,0.79086,16
Other countries to QLD,Other countries,QLD,Queensland,44068,0.60714,0.78212,17
Other countries to QLD,Other countries,QLD,Queensland,44068,0.64286,0.77367,18
Other countries to QLD,Other countries,QLD,Queensland,44068,0.67857,0.76558,19
Other countries to QLD,Other countries,QLD,Queensland,44068,0.71429,0.75795,20
Other countries to QLD,Other countries,QLD,Queensland,44068,0.75,0.75088,21
Other countries to QLD,Other countries,QLD,Queensland,44068,0.78571,0.74445,22
Other countries to QLD,Other countries,QLD,Queensland,44068,0.82143,0.73875,23
Other countries to QLD,Other countries,QLD,Queensland,44068,0.85714,0.73389,24
Other countries to QLD,Other countries,QLD,Queensland,44068,0.89286,0.72994,25
Other countries to QLD,Other countries,QLD,Queensland,44068,0.92857,0.72701,26
Other countries to QLD,Other countries,QLD,Queensland,44068,0.96429,0.72519,27
Other countries to QLD,Other countries,QLD,Queensland,44068,1.0,0.72456,28
Other countries to WA,Other countries,WA,Western Australia,26569,0.0,0.94983,0
Other countries to WA,Other countries,WA,Western Australia,26569,0.03571,0.94937,1
Other countries to WA,Other countries,WA,Western Australia,26569,0.07143,0.94805,2
Other countries to WA,Other countries,WA,Western Australia,26569,0.10714,0.94592,3
Other countries to WA,Other countries,WA,Western Australia,26569,0.14286,0.94305,4
Other countries to WA,Other countries,WA,Western Australia,26569,0.17857,0.93952,5
Other countries to WA,Other countries,WA,Western Australia,26569,0.21429,0.93539,6
Other countries to WA,Other countries,WA,Western Australia,26569,0.25,0.93072,7
Other countries to WA,Other countries,WA,Western Australia,26569,0.28571,0.92559,8
Other countries to WA,Other countries,WA,Western Australia,26569,0.32143,0.92005,9
Other countries to WA,Other countries,WA,Western Australia,26569,0.35714,0.91418,10
Other countries to WA,Other countries,WA,Western Australia,26569,0.39286,0.90804,11
Other countries to WA,Other countries,WA,Western Australia,26569,0.42857,0.9017,12
Other countries to WA,Other countries,WA,Western Australia,26569,0.46429,0.89523,13
Other countries to WA,Other countries,WA,Western Australia,26569,0.5,0.88869,14
Other countries to WA,Other countries,WA,Western Australia,26569,0.53571,0.88215,15
Other countries to WA,Other countries,WA,Western Australia,26569,0.57143,0.87567,16
Other countries to WA,Other countries,WA,Western Australia,26569,0.60714,0.86933,17
Other countries to WA,Other countries,WA,Western Australia,26569,0.64286,0.86319,18
Other countries to WA,Other countries,WA,Western Australia,26569,0.67857,0.85732,19
Other countries to WA,Other countries,WA,Western Australia,26569,0.71429,0.85179,20
Other countries to WA,Other countries,WA,Western Australia,26569,0.75,0.84665,21
Other countries to WA,Other countries,WA,Western Australia,26569,0.78571,0.84198,22
Other countries to WA,Other countries,WA,Western Australia,26569,0.82143,0.83785,23
Other countries to WA,Other countries,WA,Western Australia,26569,0.85714,0.83432,24
Other countries to WA,Other countries,WA,Western Australia,26569,0.89286,0.83145,25
Other countries to WA,Other countries,WA,Western Australia,26569,0.92857,0.82932,26
Other countries to WA,Other countries,WA,Western Australia,26569,0.96429,0.828,27
Other countries to WA,Other countries,WA,Western Australia,26569,1.0,0.82754,28
Other countries to SA,Other countries,SA,South Australia,11524,0.0,0.98047,0
Other countries to SA,Other countries,SA,South Australia,11524,0.03571,0.9802,1
Other countries to SA,Other countries,SA,South Australia,11524,0.07143,0.9794,2
Other countries to SA,Other countries,SA,South Australia,11524,0.10714,0.97811,3
Other countries to SA,Other countries,SA,South Australia,11524,0.14286,0.97639,4
Other countries to SA,Other countries,SA,South Australia,11524,0.17857,0.97426,5
Other countries to SA,Other countries,SA,South Australia,11524,0.21429,0.97176,6
Other countries to SA,Other countries,SA,South Australia,11524,0.25,0.96895,7
Other countries to SA,Other countries,SA,South Australia,11524,0.28571,0.96585,8
Other countries to SA,Other countries,SA,South Australia,11524,0.32143,0.96251,9
Other countries to SA,Other countries,SA,South Australia,11524,0.35714,0.95896,10
Other countries to SA,Other countries,SA,South Australia,11524,0.39286,0.95526,11
Other countries to SA,Other countries,SA,South Australia,11524,0.42857,0.95144,12
Other countries to SA,Other countries,SA,South Australia,11524,0.46429,0.94753,13
Other countries to SA,Other countries,SA,South Australia,11524,0.5,0.94359,14
Other countries to SA,Other countries,SA,South Australia,11524,0.53571,0.93964,15
Other countries to SA,Other countries,SA,South Australia,11524,0.57143,0.93573,16
Other countries to SA,Other countries,SA,South Australia,11524,0.60714,0.93191,17
Other countries to SA,Other countries,SA,South Australia,11524,0.64286,0.92821,18
Other countries to SA,Other countries,SA,South Australia,11524,0.67857,0.92466,19
Other countries to SA,Other countries,SA,South Australia,11524,0.71429,0.92132,20
Other countries to SA,Other countries,SA,South Australia,11524,0.75,0.91823,21
Other countries to SA,Other countries,SA,South Australia,11524,0.78571,0.91541,22
Other countries to SA,Other countries,SA,South Australia,11524,0.82143,0.91292,23
Other countries to SA,Other countries,SA,South Australia,11524,0.85714,0.91078,24
Other countries to SA,Other countries,SA,South Australia,11524,0.89286,0.90906,25
Other countries to SA,Other countries,SA,South Australia,11524,0.92857,0.90777,26
Other countries to SA,Other countries,SA,South Australia,11524,0.96429,0.90697,27
Other countries to SA,Other countries,SA,South Australia,11524,1.0,0.9067,28
Other countries to ACT,Other countries,ACT,Australian Capital Territory,3271,0.0,0.99237,0
Other countries to ACT,Other countries,ACT,Australian Capital Territory,3271,0.03571,0.99221,1
Other countries to ACT,Other countries,ACT,Australian Capital Territory,3271,0.07143,0.99173,2
Other countries to ACT,Other countries,ACT,Australian Capital Territory,3271,0.10714,0.99097,3
Other countries to ACT,Other countries,ACT,Australian Capital Territory,3271,0.14286,0.98994,4
Other countries to ACT,Other countries,ACT,Australian Capital Territory,3271,0.17857,0.98867,5
Other countries to ACT,Other countries,ACT,Australian Capital Territory,3271,0.21429,0.98719,6
Other countries to ACT,Other countries,ACT,Australian Capital Territory,3271,0.25,0.98551,7
Other countries to ACT,Other countries,ACT,Australian Capital Territory,3271,0.28571,0.98367,8
Other countries to ACT,Other countries,ACT,Australian Capital Territory,3271,0.32143,0.98168,9
Other countries to ACT,Other countries,ACT,Australian Capital Territory,3271,0.35714,0.97957,10
Other countries to ACT,Other countries,ACT,Australian Capital Territory,3271,0.39286,0.97737,11
Other countries to ACT,Other countries,ACT,Australian Capital Territory,3271,0.42857,0.97509,12
Other countries to ACT,Other countries,ACT,Australian Capital Territory,3271,0.46429,0.97277,13
Other countries to ACT,Other countries,ACT,Australian Capital Territory,3271,0.5,0.97042,14
Other countries to ACT,Other countries,ACT,Australian Capital Territory,3271,0.53571,0.96807,15
Other countries to ACT,Other countries,ACT,Australian Capital Territory,3271,0.57143,0.96575,16
Other countries to ACT,Other countries,ACT,Australian Capital Territory,3271,0.60714,0.96347,17
Other countries to ACT,Other countries,ACT,Australian Capital Territory,3271,0.64286,0.96127,18
Other countries to ACT,Other countries,ACT,Australian Capital Territory,3271,0.67857,0.95916,19
Other countries to ACT,Other countries,ACT,Australian Capital Territory,3271,0.71429,0.95717,20
Other countries to ACT,Other countries,ACT,Australian Capital Territory,3271,0.75,0.95533,21
Other countries to ACT,Other countries,ACT,Australian Capital Territory,3271,0.78571,0.95365,22
Other countries to ACT,Other countries,ACT,Australian Capital Territory,3271,0.82143,0.95217,23
Other countries to ACT,Other countries,ACT,Australian Capital Territory,3271,0.85714,0.9509,24
Other countries to ACT,Other countries,ACT,Australian Capital Territory,3271,0.89286,0.94987,25
Other countries to ACT,Other countries,ACT,Australian Capital Territory,3271,0.92857,0.94911,26
Other countries to ACT,Other countries,ACT,Australian Capital Territory,3271,0.96429,0.94863,27
Other countries to ACT,Other countries,ACT,Australian Capital Territory,3271,1.0,0.94847,28
Other countries to TAS,Other countries,TAS,Tasmania,2119,0.0,0.99671,0
Other countries to TAS,Other countries,TAS,Tasmania,2119,0.03571,0.99663,1
Other countries to TAS,Other countries,TAS,Tasmania,2119,0.07143,0.99639,2
Other countries to TAS,Other countries,TAS,Tasmania,2119,0.10714,0.99601,3
Other countries to TAS,Other countries,TAS,Tasmania,2119,0.14286,0.99549,4
Other countries to TAS,Other countries,TAS,Tasmania,2119,0.17857,0.99485,5
Other countries to TAS,Other countries,TAS,Tasmania,2119,0.21429,0.99411,6
Other countries to TAS,Other countries,TAS,Tasmania,2119,0.25,0.99327,7
Other countries to TAS,Other countries,TAS,Tasmania,2119,0.28571,0.99234,8
Other countries to TAS,Other countries,TAS,Tasmania,2119,0.32143,0.99134,9
Other countries to TAS,Other countries,TAS,Tasmania,2119,0.35714,0.99029,10
Other countries to TAS,Other countries,TAS,Tasmania,2119,0.39286,0.98918,11
Other countries to TAS,Other countries,TAS,Tasmania,2119,0.42857,0.98804,12
Other countries to TAS,Other countries,TAS,Tasmania,2119,0.46429,0.98687,13
Other countries to TAS,Other countries,TAS,Tasmania,2119,0.5,0.98569,14
Other countries to TAS,Other countries,TAS,Tasmania,2119,0.53571,0.98451,15
Other countries to TAS,Other countries,TAS,Tasmania,2119,0.57143,0.98335,16
Other countries to TAS,Other countries,TAS,Tasmania,2119,0.60714,0.9822,17
Other countries to TAS,Other countries,TAS,Tasmania,2119,0.64286,0.9811,18
Other countries to TAS,Other countries,TAS,Tasmania,2119,0.67857,0.98004,19
Other countries to TAS,Other countries,TAS,Tasmania,2119,0.71429,0.97904,20
Other countries to TAS,Other countries,TAS,Tasmania,2119,0.75,0.97812,21
Other countries to TAS,Other countries,TAS,Tasmania,2119,0.78571,0.97728,22
Other countries to TAS,Other countries,TAS,Tasmania,2119,0.82143,0.97653,23
Other countries to TAS,Other countries,TAS,Tasmania,2119,0.85714,0.97589,24
Other countries to TAS,Other countries,TAS,Tasmania,2119,0.89286,0.97538,25
Other countries to TAS,Other countries,TAS,Tasmania,2119,0.92857,0.97499,26
Other countries to TAS,Other countries,TAS,Tasmania,2119,0.96429,0.97476,27
Other countries to TAS,Other countries,TAS,Tasmania,2119,1.0,0.97467,28
Other countries to NT,Other countries,NT,Northern Territory,985,0.0,0.99921,0
Other countries to NT,Other countries,NT,Northern Territory,985,0.03571,0.99921,1
Other countries to NT,Other countries,NT,Northern Territory,985,0.07143,0.99921,2
Other countries to NT,Other countries,NT,Northern Territory,985,0.10714,0.99921,3
Other countries to NT,Other countries,NT,Northern Territory,985,0.14286,0.99921,4
Other countries to NT,Other countries,NT,Northern Territory,985,0.17857,0.99921,5
Other countries to NT,Other countries,NT,Northern Territory,985,0.21429,0.99921,6
Other countries to NT,Other countries,NT,Northern Territory,985,0.25,0.99921,7
Other countries to NT,Other countries,NT,Northern Territory,985,0.28571,0.99921,8
Other countries to NT,Other countries,NT,Northern Territory,985,0.32143,0.99922,9
Other countries to NT,Other countries,NT,Northern Territory,985,0.35714,0.99922,10
Other countries to NT,Other countries,NT,Northern Territory,985,0.39286,0.99922,11
Other countries to NT,Other countries,NT,Northern Territory,985,0.42857,0.99922,12
Other countries to NT,Other countries,NT,Northern Territory,985,0.46429,0.99922,13
Other countries to NT,Other countries,NT,Northern Territory,985,0.5,0.99922,14
Other countries to NT,Other countries,NT,Northern Territory,985,0.53571,0.99922,15
Other countries to NT,Other countries,NT,Northern Territory,985,0.57143,0.99923,16
Other countries to NT,Other countries,NT,Northern Territory,985,0.60714,0.99923,17
Other countries to NT,Other countries,NT,Northern Territory,985,0.64286,0.99923,18
Other countries to NT,Other countries,NT,Northern Territory,985,0.67857,0.99923,19
Other countries to NT,Other countries,NT,Northern Territory,985,0.71429,0.99923,20
Other countries to NT,Other countries,NT,Northern Territory,985,0.75,0.99923,21
Other countries to NT,Other countries,NT,Northern Territory,985,0.78571,0.99924,22
Other countries to NT,Other countries,NT,Northern Territory,985,0.82143,0.99924,23
Other countries to NT,Other countries,NT,Northern Territory,985,0.85714,0.99924,24
Other countries to NT,Other countries,NT,Northern Territory,985,0.89286,0.99924,25
Other countries to NT,Other countries,NT,Northern Territory,985,0.92857,0.99924,26
Other countries to NT,Other countries,NT,Northern Territory,985,0.96429,0.99924,27
Other countries to NT,Other countries,NT,Northern Territory,985,1.0,0.99924,28
